{
    "$schema": "https://schema.management.azure.com/schemas/2019-04-01/deploymentParameters.json#",
    "contentVersion": "1.0.0.0",
    "parameters": {
        "envType":{
            "value":"nonprod"
        },
        "resourceGroup_name": {
            "value": "rg-api-nonprod"
        },
        "storageAccounts_name": {
            "value": "storageaccountrgapi"
        },
		"vault_name":{
			"value":"api-kv-abi-nonprod"
		},
		"functionApp_name":{
			"value":"az-mdm-nonprod"
		},
        "appServicePlan_name":{
			"value":"ASP-rgapinonprod"
		},
        "apiManagement_name":{
			"value":"apim-api-nonprod"
		},
        "apim_api_display_name":{
            "value":"MDM nonprod"
        },
        "apim_api_id":{
            "value":"mdm-nonprod"
        },
        "appInsights_name":{
			"value":"api-insights-nonprod"
		},
        "appRegistrationAppId":{
            "value": "9f97209b-d9cd-4fb8-be7c-a4be8427322c"
        }
    }
}