{
    "$schema": "https://schema.management.azure.com/schemas/2019-04-01/deploymentParameters.json#",
    "contentVersion": "1.0.0.0",
    "parameters": {
        "automation_account_name": {
            "value": "rg-sidi-dev-vnet"
        },
        "resLocation": {
            "value": "rg-sidi-dev-vnet"
        },
        "automation_account_source_control_name": {
            "value": "rg-sidi-dev-vnet"
        },
        "automation_account_source_control_url": {
            "value": "rg-sidi-dev-vnet"
        },
        "automation_account_schedule_weekend": {
            "value": "rg-sidi-dev-vnet"
        },
        "automation_account_schedule_weekstart": {
            "value": "rg-sidi-dev-vnet"
        }
    }
}