{"properties":{"roleName":"PowerBI Embedded Contributor","description":"Let's you manage (add, scale, suspend) the PowerBI Embedded service (PowerBI Embedded)","assignableScopes":["/subscriptions/023064ea-ee87-4a4b-88ef-ed9b69548090/resourceGroups/rg-sidi-shared"],"permissions":[{"actions":["Microsoft.Authorization/*/read","Microsoft.Insights/alertRules/*","Microsoft.Network/loadBalancers/read","Microsoft.Network/locations/*","Microsoft.Network/networkInterfaces/*","Microsoft.Network/networkSecurityGroups/join/action","Microsoft.Network/networkSecurityGroups/read","Microsoft.Network/publicIPAddresses/join/action","Microsoft.Network/publicIPAddresses/read","Microsoft.Network/virtualNetworks/read","Microsoft.Network/virtualNetworks/subnets/join/action","Microsoft.RecoveryServices/locations/*","Microsoft.RecoveryServices/Vaults/read","Microsoft.ResourceHealth/availabilityStatuses/read","Microsoft.Resources/deployments/*","Microsoft.Resources/subscriptions/resourceGroups/read","Microsoft.SerialConsole/serialPorts/connect/action","Microsoft.Storage/storageAccounts/read","Microsoft.Support/*","Microsoft.PowerBIEmbedded/register/action","Microsoft.PowerBIEmbedded/autoScaleVCores/read","Microsoft.PowerBIEmbedded/autoScaleVCores/write","Microsoft.PowerBIEmbedded/capacities/read","Microsoft.PowerBIEmbedded/capacities/write","Microsoft.PowerBIEmbedded/capacities/suspend/action","Microsoft.PowerBIEmbedded/capacities/resume/action","Microsoft.PowerBIEmbedded/capacities/providers/Microsoft.Insights/diagnosticSettings/read","Microsoft.PowerBIEmbedded/capacities/providers/Microsoft.Insights/diagnosticSettings/write","Microsoft.PowerBIEmbedded/capacities/providers/Microsoft.Insights/logDefinitions/read","Microsoft.PowerBIEmbedded/capacities/providers/Microsoft.Insights/metricDefinitions/read","Microsoft.PowerBIEmbedded/capacities/skus/read","Microsoft.PowerBIEmbedded/locations/checkNameAvailability/action","Microsoft.PowerBIEmbedded/locations/operationresults/read","Microsoft.PowerBIEmbedded/locations/operationstatuses/read","Microsoft.PowerBIEmbedded/operations/read","Microsoft.PowerBIEmbedded/skus/read","Microsoft.PowerBIEmbedded/servers/read","Microsoft.PowerBIEmbedded/servers/write","Microsoft.PowerBIEmbedded/servers/suspend/action","Microsoft.PowerBIEmbedded/servers/resume/action","Microsoft.PowerBIEmbedded/servers/skus/read"],"notActions":[],"dataActions":[],"notDataActions":[]}]}}