{
    "subscriptionID":"e7358970-3147-4aa1-8863-49325228dd7d",
    "rgName":"rg-sidi-devint",
    "metaRGName":"rg-sync-nonprod",
    "parameters":{
        "sidi_synchub_db_name": {
            "value": "sqldb-abi-mdm-devint"
        },
        "sidi_sqlserver_name": {
            "value": "abi-sql-devint"
        },
        "sidi_corevault_name": {
            "value": "corevaultdevint"
        },
        "intervalInSeconds":{
            "value":"300"
        },        
        "syncGroupName": {
            "value":"sg-mdm-sync-nonprod"
        }
    }
}