{
    "tables":[
    {
        "name":"[MDM].[MasterBusinessUnit]",
        "columns":[
            "BusinessUnitMDMID",
            "Name",
            "Division",
            "BUCode",
            "Region",
            "T7Code",
            "ClosureDate",
            "SourceIdentifier",
            "IsDeleted",
            "Remarks",
            "ModifiedDateTime",
            "ModifiedBy"
        ]},
    {
        "name":"[MDM].[BusinessUnitLookup]",
        "columns":[
            "BusinessUnitLookupID",
            "Name",
            "Division",
            "BusinessUnitMDMID",
            "BUCode",
            "Region",
            "T7Code",
            "SourceIdentifier",
            "WorkflowStatusID",
            "Remarks",
            "RunID",
            "ModifiedDateTime",
            "ModifiedBy"
        ]
    },
    {
        "name":"[MDM].[MasterPerson]",
        "columns":[
            "PersonMDMID",
            "Name",
            "EmployeeID",
            "Email",
            "QCSP",
            "CostCentre",
            "BusinessUnitName",
            "BusinessUnitMDMID",
            "SourceIdentifier",
            "IsDeleted",
            "Remarks",
            "ModifiedDateTime",
            "ModifiedBy"
        ]
    }
    ,
    {
        "name":"[MDM].[PersonLookup]",
        "columns":[
            "PersonLookupID",
            "PersonMDMID",
            "Name",
            "Email",
            "EmployeeID",
            "BusinessUnitName",
            "CostCentre",
            "SourceIdentifier",
            "RunID",
            "WorkflowStatusID",
            "Remarks",
            "ModifiedDateTime",
            "ModifiedBy"
        ]
    }
    ]
}