{
    "rgName":[
        "rg-sidi-dev",
        "rg-sidi-test"
    ],
    "subscriptionID":"e7358970-3147-4aa1-8863-49325228dd7d",
    "parameters":{
        "sidi_syncmember_db_name": [
            "sqldb-abi-mdm-dev",
            "sqldb-abi-mdm-test"        
        ],
        "sidi_sqlserver_name": [
            "abi-sql-dev",
            "abi-sql-test"
        ],
        "sidi_corevault_name": [
            "corevaultdev",
            "corevaulttest"
        ],
        "intervalInSeconds":{
            "value":"300"
        },        
        "syncGroupName": {
            "value":"sg-mdm-sync-nonprod"
        },
        "syncMemberName": [
            "sm-mdm-sync-dev",
            "sm-mdm-sync-test"
        ]
    }
}