{
    "$schema": "https://schema.management.azure.com/schemas/2019-04-01/deploymentParameters.json#",
    "contentVersion": "1.0.0.0",
    "parameters": {
        "envType":{
            "value":"prod"
        },
        "resourceGroup_name": {
            "value": "rg-api-prod"
        },
        "storageAccounts_name": {
            "value": "storageaccountrgapi"
        },
		"vault_name":{
			"value":"api-kv-abi-prod"
		},
		"functionApp_name":{
			"value":"az-mdm-prod"
		},
        "appServicePlan_name":{
			"value":"ASP-rgapiprod"
		},
        "apiManagement_name":{
			"value":"apim-api-prod"
		},
        "apim_api_display_name":{
            "value":"MDM prod"
        },
        "apim_api_id":{
            "value":"mdm-prod"
        },
        "appInsights_name":{
			"value":"api-insights-prod"
		},
        "appRegistrationAppId":{
            "value": "5e2c297f-766e-4f2f-a7dc-1e61a0d17c6f"
        }
    }
}