{
    "$schema": "https://schema.management.azure.com/schemas/2019-04-01/deploymentParameters.json#",
    "contentVersion": "1.0.0.0",
    "parameters": {
        "sidi_shared_factory_name": {
            "value": "df-sidi-shared"
        },
        "sidi_shared_runtime_name": {
            "value": "AbiOnPremIntegrationRuntimeShared"
        },
        "sidi_environment_factory_subscription_id": {
            "value": "023064ea-ee87-4a4b-88ef-ed9b69548090"
        },
        "sidi_environment_factory_group_name": {
            "value": "rg-sidi-uat"
        },
        "sidi_environment_factory_name": {
            "value": "df-sidi-uat"
        }
    }
}