{
    "rgName":[
        "rg-sidi-preprod",
        "rg-sidi-uat"
    ],
    "subscriptionID":"023064ea-ee87-4a4b-88ef-ed9b69548090",
    "parameters":{
        "sidi_syncmember_db_name": [
            "sqldb-abi-mdm-uat",
            "sqldb-abi-mdm-preprod"
        ],
        "sidi_sqlserver_name": [
            "abi-sql-uat",
            "abi-sql-preprod"
        ],
        "sidi_corevault_name": [
            "corevaultuat",
            "corevaultpreprod"
        ],
        "intervalInSeconds":{
            "value":"300"
        },        
        "syncGroupName": {
            "value":"sg-mdm-sync-prod"
        },
        "syncMemberName": [
            "sm-mdm-sync-uat",
            "sm-mdm-sync-preprod"
        ]
    }
}