{
    "subscriptionID":"023064ea-ee87-4a4b-88ef-ed9b69548090",
    "rgName":"rg-sidi-prod",
    "metaRGName":"rg-sync-prod",
    "parameters":{
        "sidi_synchub_db_name": {
            "value": "sqldb-abi-mdm-prod"
        },
        "sidi_sqlserver_name": {
            "value": "abi-sql-prod"
        },
        "sidi_corevault_name": {
            "value": "corevaultprod"
        },
        "intervalInSeconds":{
            "value":"300"
        },        
        "syncGroupName": {
            "value":"sg-mdm-sync-prod"
        }
    }
}