{
    "subscriptionID":"e7358970-3147-4aa1-8863-49325228dd7d",
    "rgName":"rg-sidi-devops",
    "metaRGName":"rg-sync-nonprod",
    "parameters":{
        "sidi_synchub_db_name": {
            "value": "sqldb-abi-report-devops"
        },
        "sidi_sqlserver_name": {
            "value": "abi-sql-devops"
        },
        "sidi_corevault_name": {
            "value": "corevaultdevops"
        },
        "intervalInSeconds":{
            "value":"300"
        },        
        "syncGroupName": {
            "value":"sg-mdm-sync-devops"
        }
    }
}