{
    "rgName":[
        "rg-sidi-devops"
    ],
    "subscriptionID":"e7358970-3147-4aa1-8863-49325228dd7d",
    "parameters":{
        "sidi_syncmember_db_name": [
            "sqldb-abi-mdm-devops"
        ],
        "sidi_sqlserver_name": [
            "abi-sql-devops"
        ],
        "sidi_corevault_name": [
            "corevaultdevops"
        ],
        "intervalInSeconds":{
            "value":"300"
        },        
        "syncGroupName": {
            "value":"sg-mdm-sync-devops"
        },
        "syncMemberName": [
            "sm-mdm-sync-devops"
        ]
    }
}