{
  "$schema": "https://schema.management.azure.com/schemas/2015-01-01/deploymentParameters.json#",
  "contentVersion": "1.0.0.0",
  "parameters": {
    "sidi_corestore_name": {
      "value": "coresididevops"
    },
    "sidi_corevault_name": {
      "value": "corevaultdevops"
    },
    "resource_tags": {
      "value": {
        "applicationName": "SIDI",
        "approverName": "Transformation Director",
        "businessUnit": "ABI",
        "costCentre": "CENTUM",
        "dataSource": "n/a",
        "disasterRecovery": "sql backup",
        "environment": "devops",
        "gdprData": "Yes",
        "highestDataClass": "Customer",
        "ownerName": "Head of Solutions"
      }
    }
  }
}