{
    "$schema": "https://schema.management.azure.com/schemas/2019-04-01/deploymentParameters.json#",
    "contentVersion": "1.0.0.0",
    "parameters": {
        "sidi_shared_factory_name": {
            "value": "df-sidi-shared"
        },
        "sidi_shared_runtime_name": {
            "value": "AbiOnPremIntegrationRuntimeShared"
        },
        "sidi_environment_factory_subscription_id": {
            "value": "e7358970-3147-4aa1-8863-49325228dd7d"
        },
        "sidi_environment_factory_group_name": {
            "value": "rg-sidi-devops"
        },
        "sidi_environment_factory_name": {
            "value": "df-sidi-devops"
        }
    }
}