{
    "$schema": "https://schema.management.azure.com/schemas/2019-04-01/deploymentParameters.json#",
    "contentVersion": "1.0.0.0",
    "parameters": {
        "sidi_vnet_name": {
            "value": "rg-sidi-preprod-vnet"
        },
        "sidi_vnet_subnet_default_nsg_name": {
            "value": "nsg-sidi-preprod"
        },
        "sidi_datafactory_name":{  
            "value": "df-sidi-preprod"
        },
        "sidi_datafactory_diagnostics_name":{  
            "value": "diag-datafactory-abi-preprod"
        },
        "sidi_keyvault_name": {
            "value": "kv-sidi-preprod"
        },
        "sidi_keyvault_diagnostics_name": {
            "value": "diag-keyvault-abi-preprod"
        },
        "sidi_diagnostics_storage_name": {
            "value": "stsididiagpreprod"
        },
        "sidi_datalakestorage_name": {
            "value": "dlssidipreprod"
        },
        "sidi_sqlserver_name": {
            "value": "abi-sql-preprod"
        },
        "sidi_servicebus_name": {
            "value": "sb-sidi-preprod"
        },
        "sidi_servicebus_diagnostics_name": {
            "value": "diag-sb-abi-preprod"
        },
        "sidi_sqlserver_admin_name": {
            "reference": {
                "keyVault": {
                "id": "/subscriptions/023064ea-ee87-4a4b-88ef-ed9b69548090/resourceGroups/rg-sidi-preprod/providers/Microsoft.KeyVault/vaults/corevaultpreprod"
                },
                "secretName": "sidi-sqlserver-admin-name"
            }
        },
        "sidi_sqlserver_admin_password": {
            "reference": {
                "keyVault": {
                "id": "/subscriptions/023064ea-ee87-4a4b-88ef-ed9b69548090/resourceGroups/rg-sidi-preprod/providers/Microsoft.KeyVault/vaults/corevaultpreprod"
                },
                "secretName": "sidi-sqlserver-admin-password"
            }
        },
        "sidi_sqlserver_ad_admin_login": {
            "reference": {
                "keyVault": {
                "id": "/subscriptions/023064ea-ee87-4a4b-88ef-ed9b69548090/resourceGroups/rg-sidi-preprod/providers/Microsoft.KeyVault/vaults/corevaultpreprod"
                },
                "secretName": "ad-user-sqlAdAdmin-name"
            }
        },
        "sidi_sqlserver_ad_admin_object_id": {
            "reference": {
                "keyVault": {
                "id": "/subscriptions/023064ea-ee87-4a4b-88ef-ed9b69548090/resourceGroups/rg-sidi-preprod/providers/Microsoft.KeyVault/vaults/corevaultpreprod"
                },
                "secretName": "ad-user-sqlAdAdmin-objectId"
            }
        },
        "sidi_sqlserver_pool_name": {
            "value": "rg-sidi-preprod-pool"
        },
        "sidi_sqlserver_pool_capacity": {
            "value": 2
        },
        "sidi_sqlserver_pool_minCapacity": {
            "value": 0
        },
        "sidi_sqlserver_pool_maxCapacity": {
            "value": 2
        },
        "sidi_sqlserver_pool_maxSizeBytes": {
            "value": 268435456000
        },
        "sidi_sqlserver_db_mdm_name": {
            "value": "sqldb-abi-mdm-preprod"
        },
        "sidi_sqlserver_db_mdm_diagnostics_name": {
            "value": "diag-sql-abi-mdm-preprod"
        },
        "sidi_sqlserver_db_reporting_name": {
            "value": "sqldb-abi-report-preprod"
        },
        "sidi_sqlserver_db_reporting_diagnostics_name": {
            "value": "diag-sql-abi-report-preprod"
        },
        "sidi_sqlserver_db_master_name": {
            "value": "sqldb-abi-master-preprod"
        },
        "sidi_sqlserver_db_master_diagnostics_name": {
            "value": "diag-sql-abi-master-preprod"
        },
        "sidi_sql_db_master_user_rw_name": {
            "reference": {
                "keyVault": {
                "id": "/subscriptions/023064ea-ee87-4a4b-88ef-ed9b69548090/resourceGroups/rg-sidi-preprod/providers/Microsoft.KeyVault/vaults/corevaultpreprod"
                },
                "secretName": "sidi-sqlserver-rw-name"
            }
        },
        "sidi_sql_db_master_user_rw_password": {
            "reference": {
                "keyVault": {
                "id": "/subscriptions/023064ea-ee87-4a4b-88ef-ed9b69548090/resourceGroups/rg-sidi-preprod/providers/Microsoft.KeyVault/vaults/corevaultpreprod"
                },
                "secretName": "sidi-sqlserver-rw-password"
            }
        },
        "MarketPoint_oAuthBearerPassword": {
            "reference": {
                "keyVault": {
                "id": "/subscriptions/023064ea-ee87-4a4b-88ef-ed9b69548090/resourceGroups/rg-sidi-preprod/providers/Microsoft.KeyVault/vaults/corevaultpreprod"
                },
                "secretName": "MarketPoint-oAuthBearerPassword"
            }
        },
        "mdm_on_prem_dw_connection_string": {
            "reference": {
                "keyVault": {
                "id": "/subscriptions/023064ea-ee87-4a4b-88ef-ed9b69548090/resourceGroups/rg-sidi-preprod/providers/Microsoft.KeyVault/vaults/corevaultpreprod"
                },
                "secretName": "mdm-on-prem-dw-connection-string"
            }
        },
        "mdm_on_prem_mds_connection_string": {
            "reference": {
                "keyVault": {
                "id": "/subscriptions/023064ea-ee87-4a4b-88ef-ed9b69548090/resourceGroups/rg-sidi-preprod/providers/Microsoft.KeyVault/vaults/corevaultpreprod"
                },
                "secretName": "mdm-on-prem-mds-connection-string"
            }
        },
        "SOPs_QA_12_connection_string": {
            "reference": {
                "keyVault": {
                "id": "/subscriptions/023064ea-ee87-4a4b-88ef-ed9b69548090/resourceGroups/rg-sidi-preprod/providers/Microsoft.KeyVault/vaults/corevaultpreprod"
                },
                "secretName": "SOPs-QA-12-connection-string"
            }
        },
        "MarketPoint_API_Url_Global": {
            "reference": {
                "keyVault": {
                "id": "/subscriptions/023064ea-ee87-4a4b-88ef-ed9b69548090/resourceGroups/rg-sidi-preprod/providers/Microsoft.KeyVault/vaults/corevaultpreprod"
                },
                "secretName": "MarketPoint-API-Url-Global"
            }
        },
        "MarketPoint_API_PageSize": {
            "reference": {
                "keyVault": {
                "id": "/subscriptions/023064ea-ee87-4a4b-88ef-ed9b69548090/resourceGroups/rg-sidi-preprod/providers/Microsoft.KeyVault/vaults/corevaultpreprod"
                },
                "secretName": "MarketPoint-API-PageSize"
            }
        },
        "SOPs_NI_connection_string": {
            "reference": {
                "keyVault": {
                "id": "/subscriptions/023064ea-ee87-4a4b-88ef-ed9b69548090/resourceGroups/rg-sidi-preprod/providers/Microsoft.KeyVault/vaults/corevaultpreprod"
                },
                "secretName": "SOPs-NI-connection-string"
            }
        },
        "SOPs_AUS_connection_string": {
            "reference": {
                "keyVault": {
                "id": "/subscriptions/023064ea-ee87-4a4b-88ef-ed9b69548090/resourceGroups/rg-sidi-preprod/providers/Microsoft.KeyVault/vaults/corevaultpreprod"
                },
                "secretName": "SOPs-AUS-connection-string"
            }
        },
        "SOPs_AUS_BPO_connection_string": {
            "reference": {
                "keyVault": {
                "id": "/subscriptions/023064ea-ee87-4a4b-88ef-ed9b69548090/resourceGroups/rg-sidi-preprod/providers/Microsoft.KeyVault/vaults/corevaultpreprod"
                },
                "secretName": "SOPs-AUS-BPO-connection-string"
            }
        },
        "SOPs_NZ_connection_string": {
            "reference": {
                "keyVault": {
                "id": "/subscriptions/023064ea-ee87-4a4b-88ef-ed9b69548090/resourceGroups/rg-sidi-preprod/providers/Microsoft.KeyVault/vaults/corevaultpreprod"
                },
                "secretName": "SOPs-NZ-connection-string"
            }
        },
        "SOPs_SNG_connection_string": {
            "reference": {
                "keyVault": {
                "id": "/subscriptions/023064ea-ee87-4a4b-88ef-ed9b69548090/resourceGroups/rg-sidi-preprod/providers/Microsoft.KeyVault/vaults/corevaultpreprod"
                },
                "secretName": "SOPs-SNG-connection-string"
            }
        },
        "SOPs_CMI_USA_connection_string": {
            "reference": {
                "keyVault": {
                "id": "/subscriptions/023064ea-ee87-4a4b-88ef-ed9b69548090/resourceGroups/rg-sidi-preprod/providers/Microsoft.KeyVault/vaults/corevaultpreprod"
                },
                "secretName": "SOPs-CMI-USA-connection-string"
            }
        },
        "fabs_Global_connection_string": {
            "reference": {
                "keyVault": {
                "id": "/subscriptions/023064ea-ee87-4a4b-88ef-ed9b69548090/resourceGroups/rg-sidi-preprod/providers/Microsoft.KeyVault/vaults/corevaultpreprod"
                },
                "secretName": "fabs-Global-connection-string"
            }
        },
        "oAuthBearerTokenUrl_MarketPoint_Global": {
            "reference": {
                "keyVault": {
                "id": "/subscriptions/023064ea-ee87-4a4b-88ef-ed9b69548090/resourceGroups/rg-sidi-preprod/providers/Microsoft.KeyVault/vaults/corevaultpreprod"
                },
                "secretName": "oAuthBearerTokenUrl-MarketPoint-Global"
            }
        },
        "oAuthBearerTokenCredential_MarketPoint_Global": {
            "reference": {
                "keyVault": {
                "id": "/subscriptions/023064ea-ee87-4a4b-88ef-ed9b69548090/resourceGroups/rg-sidi-preprod/providers/Microsoft.KeyVault/vaults/corevaultpreprod"
                },
                "secretName": "oAuthBearerTokenCredential-MarketPoint-Global"
            }
        },
        "Proact_API_PageSize": {
            "reference": {
                "keyVault": {
                    "id": "/subscriptions/023064ea-ee87-4a4b-88ef-ed9b69548090/resourceGroups/rg-sidi-preprod/providers/Microsoft.KeyVault/vaults/corevaultpreprod"
                },
                "secretName": "Proact-API-PageSize"
            }
        },
        "oAuthBearerTokenUrl_Proact_Global": {
            "reference": {
                "keyVault": {
                    "id": "/subscriptions/023064ea-ee87-4a4b-88ef-ed9b69548090/resourceGroups/rg-sidi-preprod/providers/Microsoft.KeyVault/vaults/corevaultpreprod"
                },
                "secretName": "oAuthBearerTokenUrl-Proact-Global"
            }
        },
        "oAuthBearerTokenCredential_Proact_Global": {
            "reference": {
                "keyVault": {
                    "id": "/subscriptions/023064ea-ee87-4a4b-88ef-ed9b69548090/resourceGroups/rg-sidi-preprod/providers/Microsoft.KeyVault/vaults/corevaultpreprod"
                },
                "secretName": "oAuthBearerTokenCredential-Proact-Global"
            }
        },
        "Proact_API_Url_Global": {
            "reference": {
                "keyVault": {
                    "id": "/subscriptions/023064ea-ee87-4a4b-88ef-ed9b69548090/resourceGroups/rg-sidi-preprod/providers/Microsoft.KeyVault/vaults/corevaultpreprod"
                },
                "secretName": "Proact-API-Url-Global"
            }
        },
        "ad_sp_sharedDeploymentPrincipal_objectId": {
            "reference": {
                "keyVault": {
                "id": "/subscriptions/023064ea-ee87-4a4b-88ef-ed9b69548090/resourceGroups/rg-sidi-preprod/providers/Microsoft.KeyVault/vaults/corevaultpreprod"
                },
                "secretName": "ad-sp-sharedDeploymentPrincipal-objectId"
            }
        },
        "sites_api_name": {
            "value": "excelReader-sidi-preprod"
        },
        "appservice_plan_name": {
            "value": "plan-sidi-preprod"
        },
        "components_insights_name": {
            "value": "insights-sidi-preprod"
        },
        "storageAccounts_functstore_name": {
            "value": "sidipreprodfuncstore"
        },
        "group_shared_name": {
            "value": "rg-sidi-shared"
        },
        "use_logAnalytics": {
            "value": true
        },
        "logAnalytics_shared_name": {
            "value": "log-sidi-shared"
        },
        "resource_tags": {
            "value": {
                "applicationName": "SIDI",
                "approverName": "Transformation Director",
                "businessUnit": "ABI",
                "costCentre": "CENTUM",
                "dataSource": "n/a",
                "disasterRecovery": "sql backup",
                "environment": "preprod",
                "gdprData": "Yes",
                "highestDataClass": "Customer",
                "ownerName": "Head of Solutions"
            }
        }
    }
}