{
    "$schema": "https://schema.management.azure.com/schemas/2019-04-01/deploymentParameters.json#",
    "contentVersion": "1.0.0.0",
    "parameters": {
        "environment": {
            "value": "prod"
        },
        "sidi_datafactory_name":{  
            "value": "df-sidi-prod"
        },
        "sidi_keyvault_name": {
            "value": "kv-sidi-prod"
        },
        "sidi_datalakestorage_name": {
            "value": "dlssidiprod"
        },
        "sidi_sqlserver_name": {
            "value": "abi-sql-prod"
        },
        "sidi_servicebus_name": {
            "value": "sb-sidi-prod"
        },
        "sidi_sqlserver_db_reporting_name": {
            "value": "sqldb-abi-report-prod"
        },
        "sidi_apiconnection_servicebus_name": {
            "value": "servicebus"
        },
        "sidi_apiconnection_sql_name": {
            "value": "sql-3"
        },
        "sidi_logicapp_logging_name": {
            "value": "lapp-abi-logging"
        },
        "sidi_logicapp_logging_diagnostics_name": {
            "value": "diag-lapp-abi-logging"
        },
        "sidi_logicapp_loghandler_name": {
            "value": "lapp-abi-log-handler"
        },
        "sidi_logicapp_loghandler_diagnostics_name": {
            "value": "diag-lapp-abi-log-handler"
        },
        "sidi_logicapp_msghandler_name": {
            "value": "lapp-abi-msg-handler"
        },
        "sidi_logicapp_msghandler_diagnostics_name": {
            "value": "diag-lapp-abi-msg-handler"
        },
        "sidi_logicapp_adfTrigger_name": {
            "value": "lapp-abi-trigger-adf-pipeline"
        },
        "sidi_logicapp_adfTrigger_diagnostics_name": {
            "value": "diag-lapp-abi-trigger-adf-pipeline"
        },
        "sidi_logicapp_excelExtractor_name": {
            "value": "lapp-abi-excel-extractor"
        },
        "sidi_logicapp_excelExtractor_diagnostics_name": {
            "value": "diag-lapp-abi-excel-extractor"
        },
        "sidi_diagnostics_storage_name":  {
            "value": "stsididiagprod"
        },
        "sidi_sql_db_reporting_user_rw_name": {
            "reference": {
                "keyVault": {
                "id": "/subscriptions/023064ea-ee87-4a4b-88ef-ed9b69548090/resourceGroups/rg-sidi-prod/providers/Microsoft.KeyVault/vaults/corevaultprod"
                },
                "secretName": "sidi-sqlserver-rw-name"
            }
        },
        "sidi_sql_db_reporting_user_rw_password": {
            "reference": {
                "keyVault": {
                "id": "/subscriptions/023064ea-ee87-4a4b-88ef-ed9b69548090/resourceGroups/rg-sidi-prod/providers/Microsoft.KeyVault/vaults/corevaultprod"
                },
                "secretName": "sidi-sqlserver-rw-password"
            }
        },
        "sites_api_name": {
            "value": "excelReader-sidi-prod"
        },
        "sidi_apiconnection_sftpSsh_name": {
            "value": "sftpwithssh-1"
        },
        "sidi_apiconnection_sftpSsh_hostName": {
            "value": "ftp.civica.co.uk"
        },
        "sidi_apiconnection_sftpSsh_port": {
            "value": "22"
        },
        "sidi_apiconnection_sftpSsh_userName": {
            "reference": {
                "keyVault": {
                "id": "/subscriptions/023064ea-ee87-4a4b-88ef-ed9b69548090/resourceGroups/rg-sidi-prod/providers/Microsoft.KeyVault/vaults/corevaultprod"
                },
                "secretName": "ext-sftp-user-userName"
            }
        },
        "sidi_apiconnection_sftpSsh_password": {
            "reference": {
                "keyVault": {
                "id": "/subscriptions/023064ea-ee87-4a4b-88ef-ed9b69548090/resourceGroups/rg-sidi-prod/providers/Microsoft.KeyVault/vaults/corevaultprod"
                },
                "secretName": "ext-sftp-user-password"
            }
        },
        "sidi_apiconnection_adf_name": {
            "value": "azuredatafactory"
        },
        "ad_sp_adfConnector_appId": {
            "reference": {
                "keyVault": {
                "id": "/subscriptions/023064ea-ee87-4a4b-88ef-ed9b69548090/resourceGroups/rg-sidi-prod/providers/Microsoft.KeyVault/vaults/corevaultprod"
                },
                "secretName": "ad-sp-adfConnector-appId"
            }
        },
        "ad_sp_adfConnector_objectId": {
            "reference": {
                "keyVault": {
                "id": "/subscriptions/023064ea-ee87-4a4b-88ef-ed9b69548090/resourceGroups/rg-sidi-prod/providers/Microsoft.KeyVault/vaults/corevaultprod"
                },
                "secretName": "ad-sp-adfConnector-objectId"
            }
        },
        "ad_sp_adfConnector_password": {
            "reference": {
                "keyVault": {
                "id": "/subscriptions/023064ea-ee87-4a4b-88ef-ed9b69548090/resourceGroups/rg-sidi-prod/providers/Microsoft.KeyVault/vaults/corevaultprod"
                },
                "secretName": "ad-sp-adfConnector-password"
            }
        },
        "group_shared_name": {
            "value": "rg-sidi-shared"
        },
        "use_logAnalytics": {
            "value": true
        },
        "logAnalytics_shared_name": {
            "value": "log-sidi-shared"
        },
        "resource_tags": {
            "value": {
                "applicationName": "SIDI",
                "approverName": "Transformation Director",
                "businessUnit": "ABI",
                "costCentre": "CENTUM",
                "dataSource": "n/a",
                "disasterRecovery": "sql backup",
                "environment": "prod",
                "gdprData": "Yes",
                "highestDataClass": "Customer",
                "ownerName": "Head of Solutions"
            }
        }
    }
}