{
  "$schema": "https://schema.management.azure.com/schemas/2015-01-01/deploymentParameters.json#",
  "contentVersion": "1.0.0.0",
  "parameters": {
    "sidi_vm_name": {
      "value": "vm-sidi-prod"
    },
    "sidi_vnet_name": {
      "value": "rg-sidi-prod-vnet"
    },
    "subnetName": {
      "value": "default"
    },
    "sidi_vm_admin_username": {
      "value": "sidivmadmnprod"
    },
    "sidi_vm_admin_password": {
      "reference": {
          "keyVault": {
          "id": "/subscriptions/023064ea-ee87-4a4b-88ef-ed9b69548090/resourceGroups/rg-sidi-prod/providers/Microsoft.KeyVault/vaults/corevaultprod"
          },
          "secretName": "sidi-vm-admin-password"
      }
    },
    "windowsOSVersion": {
      "value": "2019-Datacenter"
    },
    "vmSize": {
      "value": "Standard_B2ms"
    },
    "sidi_datafactory_name": {  
        "value": "df-sidi-prod"
    },
    "sidi_corestore_name": {  
        "value": "coresidiprod"
    },
    "sidi_ir_name": {
      "value": "azureVNetIR"
    },
    "resource_tags": {
      "value": {
        "applicationName": "SIDI",
        "approverName": "Transformation Director",
        "businessUnit": "ABI",
        "costCentre": "CENTUM",
        "dataSource": "n/a",
        "disasterRecovery": "sql backup",
        "environment": "prod",
        "gdprData": "Yes",
        "highestDataClass": "Customer",
        "ownerName": "Head of Solutions"
      }
    }
  }
}