{
  "$schema": "https://schema.management.azure.com/schemas/2019-04-01/deploymentTemplate.json#",
  "contentVersion": "1.0.0.0",
  "parameters": {
    "sidi_corestore_name": {
        "type": "String",
        "metadata": {
            "description": "Deployment storage account"
        }
    },
    "sidi_corevault_name": {
        "type": "String",
        "metadata": {
            "description": "Deployment storage account"
        }
    },
    "resource_tags": {
        "type": "object"
    },
    "deployment_user_object_id": {
        "type": "string"
    }
  },
  "variables": {
    "defaultTags": {
        "tags": {
            "InitialDeployment": ""
        }
    }
  },
  "resources": [
    {
        "type": "Microsoft.Storage/storageAccounts",
        "apiVersion": "2019-06-01",
        "name": "[parameters('sidi_corestore_name')]",
        "location": "[resourceGroup().location]",
        "tags": "[parameters('resource_tags')]",
        "kind": "Storage",
        "sku": {
          "name": "Standard_LRS"
        }
    },
    {
        "type": "Microsoft.Storage/storageAccounts/blobServices",
        "apiVersion": "2019-06-01",
        "name": "[concat(parameters('sidi_corestore_name'), '/default')]",
        "dependsOn": [
            "[resourceId('Microsoft.Storage/storageAccounts', parameters('sidi_corestore_name'))]"
        ],
        "sku": {
            "name": "Standard_LRS"
        },
        "properties": {
            "cors": {
                "corsRules": []
            },
            "deleteRetentionPolicy": {
                "enabled": false
            }
        }
    },
    {
        "type": "Microsoft.Storage/storageAccounts/blobServices/containers",
        "apiVersion": "2019-06-01",
        "name": "[concat(parameters('sidi_corestore_name'), '/default/artifacts')]",
        "location": "[resourceGroup().location]",
        "tags": "[parameters('resource_tags')]",
        "dependsOn": [
            "[resourceId('Microsoft.Storage/storageAccounts/blobServices', parameters('sidi_corestore_name'), 'default')]",
            "[resourceId('Microsoft.Storage/storageAccounts', parameters('sidi_corestore_name'))]"
        ],
        "properties": {
            "publicAccess": "None"
        }
    },
    {
        "type": "Microsoft.KeyVault/vaults",
        "apiVersion": "2019-09-01",
        "name": "[parameters('sidi_corevault_name')]",
        "location": "[resourceGroup().location]",
        "condition": "[not(equals(union(variables('defaultTags'), resourceGroup()).tags['InitialDeployment'], 'Complete'))]",
        "tags": "[parameters('resource_tags')]",
        "properties": {
            "sku": {
                "family": "A",
                "name": "Standard"
            },
            "tenantId": "[subscription().tenantId]",
            "accessPolicies": [],
            "enabledForDeployment": true,
            "enabledForDiskEncryption": false,
            "enabledForTemplateDeployment": true,
            "networkAcls": {
                "bypass": "AzureServices"
            }
        }
    },
    {
      "type": "Microsoft.KeyVault/vaults/accessPolicies",
      "name": "[concat(parameters('sidi_corevault_name'), '/add')]",
      "apiVersion": "2019-09-01",
      "dependsOn": [
          "[resourceId('Microsoft.KeyVault/vaults', parameters('sidi_corevault_name'))]"
      ],
      "properties": {
        "accessPolicies": [
          {
            "tenantId": "[subscription().tenantId]",
            "objectId": "[parameters('deployment_user_object_id')]",
            "permissions": {
              "secrets": [
                  "get",
                  "list",
                  "set"
              ]
            }
          }
        ]
      }
    },
    {
        "name": "default",
        "type": "Microsoft.Resources/tags",
        "apiVersion": "2020-06-01",
        "dependsOn": [
            "[resourceId('Microsoft.KeyVault/vaults', parameters('sidi_corevault_name'))]"
        ],
        "properties": {
            "tags": {
                "InitialDeployment": "Complete"
            }
        }
    }
  ]
}