{
    "$schema": "https://schema.management.azure.com/schemas/2019-04-01/deploymentTemplate.json#",
    "contentVersion": "1.0.0.0",
    "parameters": {
        "environment": {
            "type": "string"
        },
        "sidi_datafactory_name":{  
            "type":"string"
        },
        "sidi_keyvault_name": {
            "type": "String"
        },
        "sidi_datalakestorage_name": {
            "type": "String"
        },
        "sidi_sqlserver_name": {
            "type": "String"
        },
        "sidi_servicebus_name": {
            "type": "string"
        },
        "sidi_sqlserver_db_reporting_name": {
            "type": "String"
        },
        "sidi_apiconnection_servicebus_name": {
            "type": "string"
        },
        "sidi_apiconnection_sql_name": {
            "type": "string"
        },
        "sidi_logicapp_logging_name": {
            "type": "string"
        },
        "sidi_logicapp_logging_diagnostics_name": {
            "type": "string"
        },
        "sidi_logicapp_loghandler_name": {
            "type": "string"
        },
        "sidi_logicapp_loghandler_diagnostics_name": {
            "type": "string"
        },
        "sidi_logicapp_msghandler_name": {
            "type": "string"
        },
        "sidi_logicapp_msghandler_diagnostics_name": {
            "type": "string"
        },
        "sidi_logicapp_adfTrigger_name": {
            "type": "string"
        },
        "sidi_logicapp_adfTrigger_diagnostics_name": {
            "type": "string"
        },
        "sidi_logicapp_excelExtractor_name": {
            "type": "string"
        },
        "sidi_logicapp_excelExtractor_diagnostics_name": {
            "type": "string"
        },
        "sidi_diagnostics_storage_name":  {
            "type": "string"
        },
        "sidi_sql_db_reporting_user_rw_name": {
            "type": "string"
        },
        "sidi_sql_db_reporting_user_rw_password": {
            "type": "securestring"
        },
        "sites_api_name": {
            "type": "string"
        },
        "sidi_apiconnection_sftpSsh_name": {
            "type": "string"
        },
        "sidi_apiconnection_sftpSsh_hostName": {
            "type": "string"
        },
        "sidi_apiconnection_sftpSsh_port": {
            "type": "string"
        },
        "sidi_apiconnection_sftpSsh_userName": {
            "type": "string"
        },
        "sidi_apiconnection_sftpSsh_password": {
            "type": "string"
        },
        "sidi_apiconnection_adf_name": {
            "type": "string"
        },
        "ad_sp_adfConnector_appId": {
            "type": "string"
        },
        "ad_sp_adfConnector_objectId": {
            "type": "string"
        },
        "ad_sp_adfConnector_password": {
            "type": "securestring"
        },
        "group_shared_name": {
            "type": "string"
        },
        "use_logAnalytics": {
            "type": "bool",
            "defaultValue": false
        },
        "logAnalytics_shared_name": {
            "type": "string",
            "defaultValue": ""
        },
        "resource_tags": {
            "type": "object"
        },
        "release_version": {
            "type": "string",
            "defaultValue": ""
        }
    },
    "variables": {
        "role_dataFactoryContributor_id": "673868aa-7521-48a0-acc6-0f60742d39f5",
        "role_storageBlobDataContributor_id": "ba92f5b4-2d11-453d-a403-e96b0029c9fe",
        "version_object": {
            "version": "[parameters('release_version')]"
        },
        "combined_tags": "[union(parameters('resource_tags'), variables('version_object'))]"
    },
    "resources": [
        {
            "type": "Microsoft.Web/connections",
            "apiVersion": "2016-06-01",
            "name": "[parameters('sidi_apiconnection_adf_name')]",
            "dependsOn": [
                "[extensionResourceId(resourceId('Microsoft.DataFactory/factories', parameters('sidi_datafactory_name')), 'Microsoft.Authorization/roleAssignments', guid(concat(resourceGroup().id, 'ad_sp_adfConnector', variables('role_dataFactoryContributor_id'))))]"
            ],
            "location": "[resourceGroup().location]",
            "tags": "[variables('combined_tags')]",
            "properties": {
                "displayName": "[parameters('sidi_apiconnection_adf_name')]",
                "parameterValues": {
                    "token:resourceUri": "https://management.core.windows.net/",
                    "token:clientId": "[parameters('ad_sp_adfConnector_appId')]",
                    "token:clientSecret": "[parameters('ad_sp_adfConnector_password')]",
                    "token:TenantId": "[subscription().tenantId]",
                    "token:grantType": "client_credentials"
                },
                "api": {
                    "id": "[concat('/subscriptions/', subscription().subscriptionId, '/providers/Microsoft.Web/locations/', resourceGroup().location, '/managedApis/azuredatafactory')]"
                }
            }
        },
        {
            "type": "Microsoft.DataFactory/factories/providers/roleAssignments",
            "apiVersion": "2018-09-01-preview",
            "name": "[concat(parameters('sidi_datafactory_name'), '/Microsoft.Authorization/', guid(concat(resourceGroup().id, 'ad_sp_adfConnector', variables('role_dataFactoryContributor_id'))))]",
            "properties": {
                "roleDefinitionId": "[concat('/subscriptions/', subscription().subscriptionId, '/providers/Microsoft.Authorization/roleDefinitions/', variables('role_dataFactoryContributor_id'))]",
                "principalId": "[parameters('ad_sp_adfConnector_objectId')]",
                "principalType": "ServicePrincipal"
            }
        },
        {
            "type": "Microsoft.Web/connections",
            "apiVersion": "2016-06-01",
            "name": "[parameters('sidi_apiconnection_sftpSsh_name')]",
            "location": "[resourceGroup().location]",
            "tags": "[variables('combined_tags')]",
            "properties": {
                "displayName": "[parameters('sidi_apiconnection_sftpSsh_name')]",
                "parameterValues": {
                    "hostName": "[parameters('sidi_apiconnection_sftpSsh_hostName')]",
                    "portNumber": "[parameters('sidi_apiconnection_sftpSsh_port')]",
                    "userName": "[parameters('sidi_apiconnection_sftpSsh_userName')]",
                    "password": "[parameters('sidi_apiconnection_sftpSsh_password')]"
                },
                "api": {
                    "id": "[concat('/subscriptions/', subscription().subscriptionId, '/providers/Microsoft.Web/locations/', resourceGroup().location, '/managedApis/sftpwithssh')]"
                }
            }
        },
        {
            "type": "Microsoft.Web/connections",
            "apiVersion": "2016-06-01",
            "name": "[parameters('sidi_apiconnection_servicebus_name')]",
            "location": "[resourceGroup().location]",
            "tags": "[variables('combined_tags')]",
            "properties": {
                "displayName": "Service Bus",
                "api": {
                    "id": "[concat('/subscriptions/', subscription().subscriptionId, '/providers/Microsoft.Web/locations/', resourceGroup().location, '/managedApis/servicebus')]"
                },
                "parameterValues": {
                    "connectionString": "[listKeys(resourceId('Microsoft.ServiceBus/namespaces/authorizationRules', parameters('sidi_servicebus_name'), 'RootManageSharedAccessKey'), '2015-08-01').primaryConnectionString]"
                }
            }
        },
        {
            "type": "Microsoft.Web/connections",
            "apiVersion": "2016-06-01",
            "name": "[parameters('sidi_apiconnection_sql_name')]",
            "location": "[resourceGroup().location]",
            "tags": "[variables('combined_tags')]",
            "properties": {
                "displayName": "[concat(parameters('sidi_sqlserver_db_reporting_name'), ' ', parameters('sidi_sqlserver_name'), '.database.windows.net')]",
                "api": {
                    "id": "[concat('/subscriptions/', subscription().subscriptionId, '/providers/Microsoft.Web/locations/', resourceGroup().location, '/managedApis/sql')]"
                },
                "parameterValues": {
                    "server": "[concat(parameters('sidi_sqlserver_name'), '.database.windows.net')]",
                    "database": "[parameters('sidi_sqlserver_db_reporting_name')]",
                    "username": "[parameters('sidi_sql_db_reporting_user_rw_name')]",
                    "password": "[parameters('sidi_sql_db_reporting_user_rw_password')]"
                }
            }
        },
        {
            "type": "Microsoft.Logic/workflows",
            "apiVersion": "2017-07-01",
            "name": "[parameters('sidi_logicapp_adfTrigger_name')]",
            "location": "[resourceGroup().location]",
            "tags": "[variables('combined_tags')]",
            "dependsOn": [
                "[resourceId('Microsoft.Web/connections', parameters('sidi_apiconnection_adf_name'))]"
            ],
            "properties": {
                "definition": {
                    "$schema": "https://schema.management.azure.com/providers/Microsoft.Logic/schemas/2016-06-01/workflowdefinition.json#",
                    "contentVersion": "1.0.0.0",
                    "parameters": {
                        "$connections": {
                            "defaultValue": {},
                            "type": "Object"
                        }
                    },
                    "triggers": {
                        "manual": {
                            "type": "Request",
                            "kind": "Http",
                            "inputs": {
                                "schema": {
                                    "properties": {
                                        "DataFactoryName": {
                                            "type": "string"
                                        },
                                        "PipelineName": {
                                            "type": "string"
                                        },
                                        "PipelineParameter": {
                                            "type": "object"
                                        },
                                        "ResourceGroup": {
                                            "type": "string"
                                        },
                                        "Subscription": {
                                            "type": "string"
                                        }
                                    },
                                    "type": "object"
                                }
                            }
                        }
                    },
                    "actions": {
                        "Create_a_pipeline_run": {
                            "runAfter": {
                                "Parse_JSON": [
                                    "Succeeded"
                                ]
                            },
                            "type": "ApiConnection",
                            "inputs": {
                                "body": "@body('Parse_JSON')?['PipelineParameter']",
                                "host": {
                                    "connection": {
                                        "name": "@parameters('$connections')['azuredatafactory_1']['connectionId']"
                                    }
                                },
                                "method": "post",
                                "path": "/subscriptions/@{encodeURIComponent(body('Parse_JSON')?['Subscription'])}/resourcegroups/@{encodeURIComponent(body('Parse_JSON')?['ResourceGroup'])}/providers/Microsoft.DataFactory/factories/@{encodeURIComponent(body('Parse_JSON')?['DataFactoryName'])}/pipelines/@{encodeURIComponent(body('Parse_JSON')?['PipelineName'])}/CreateRun",
                                "queries": {
                                    "x-ms-api-version": "2017-09-01-preview"
                                }
                            }
                        },
                        "Parse_JSON": {
                            "runAfter": {},
                            "type": "ParseJson",
                            "inputs": {
                                "content": "@triggerBody()",
                                "schema": {
                                    "properties": {
                                        "DataFactoryName": {
                                            "type": "string"
                                        },
                                        "PipelineName": {
                                            "type": "string"
                                        },
                                        "PipelineParameter": {
                                            "type": "object"
                                        },
                                        "ResourceGroup": {
                                            "type": "string"
                                        },
                                        "Subscription": {
                                            "type": "string"
                                        }
                                    },
                                    "type": "object"
                                }
                            }
                        }
                    },
                    "outputs": {}
                },
                "parameters": {
                    "$connections": {
                        "value": {
                            "azuredatafactory_1": {
                                "connectionId": "[resourceId('Microsoft.Web/connections', parameters('sidi_apiconnection_adf_name'))]",
                                "connectionName": "azuredatafactory",
                                "id": "[concat('/subscriptions/', subscription().subscriptionId, '/providers/Microsoft.Web/locations/', resourceGroup().location, '/managedApis/azuredatafactory')]"
                            }
                        }
                    }
                }
            }
        },
        {
            "type": "Microsoft.Logic/workflows/providers/diagnosticSettings",
            "name": "[concat(parameters('sidi_logicapp_adfTrigger_name'),'/microsoft.insights/', parameters('sidi_logicapp_adfTrigger_diagnostics_name'))]",
            "dependsOn": [
                "[resourceId('Microsoft.Logic/workflows', parameters('sidi_logicapp_adfTrigger_name'))]"
            ],
            "apiVersion": "2017-05-01-preview",
            "properties": {
                "name": "[parameters('sidi_logicapp_adfTrigger_diagnostics_name')]",
                "storageAccountId": "[if(not(parameters('use_logAnalytics')), resourceId('Microsoft.Storage/storageAccounts', parameters('sidi_diagnostics_storage_name')), null())]",
                "workspaceId": "[if(parameters('use_logAnalytics'), resourceId(parameters('group_shared_name'), 'Microsoft.OperationalInsights/workspaces', parameters('logAnalytics_shared_name')), null())]",
                "logs": [
                    {
                        "category": "WorkflowRuntime",
                        "enabled": true,
                        "retentionPolicy": {
                            "enabled": true,
                            "days": 7
                        }
                    }
                ],
                "metrics": [
                    {
                        "category": "AllMetrics",
                        "enabled": true,
                        "retentionPolicy": {
                            "enabled": true,
                            "days": 7
                        }
                    }
                ]
            }
        },
        {
            "type": "Microsoft.Logic/workflows",
            "apiVersion": "2017-07-01",
            "name": "[parameters('sidi_logicapp_excelExtractor_name')]",
            "location": "[resourceGroup().location]",
            "tags": "[variables('combined_tags')]",
            "dependsOn": [
                "[resourceId('Microsoft.Logic/workflows', parameters('sidi_logicapp_adfTrigger_name'))]"
            ],
            "identity": {
                "type": "SystemAssigned"
            },
            "properties": {
                "state": "Disabled",
                "definition": {
                    "$schema": "https://schema.management.azure.com/providers/Microsoft.Logic/schemas/2016-06-01/workflowdefinition.json#",
                    "contentVersion": "1.0.0.0",
                    "parameters": {
                        "$connections": {
                            "defaultValue": {},
                            "type": "Object"
                        },
                        "DataFactory": {
                            "defaultValue": "[parameters('sidi_datafactory_name')]",
                            "type": "String"
                        },
                        "EnvironmentBasedADLSUrl": {
                            "defaultValue": "[concat('https://', parameters('sidi_datalakestorage_name'), '.blob.core.windows.net')]",
                            "type": "String"
                        },
                        "EnvironmentBasedRootFolder": {
                            "defaultValue": "[parameters('environment')]",
                            "type": "String"
                        },
                        "PostUrlFor_lapp-abi-trigger-adf-pipeline": {
                            "defaultValue": "[listCallbackURL(concat(resourceId('Microsoft.Logic/workflows', parameters('sidi_logicapp_adfTrigger_name')), '/triggers/manual'), '2016-06-01').value]",
                            "type": "String"
                        }
                    },
                    "triggers": {
                        "ExecuteExcelExtractor": {
                            "recurrence": {
                                "frequency": "Minute",
                                "interval": 5
                            },
                            "type": "Recurrence"
                        }
                    },
                    "actions": {
                        "ForEachFolder": {
                            "foreach": "@variables('Folders')",
                            "actions": {
                                "ForEachFiles": {
                                    "foreach": "@body('ListFilesInFolder')",
                                    "actions": {
                                        "CheckResponseAndErrors": {
                                            "actions": {
                                                "CopyFileToProcessed": {
                                                    "runAfter": {
                                                        "LogSuccess": [
                                                            "Succeeded"
                                                        ]
                                                    },
                                                    "type": "ApiConnection",
                                                    "inputs": {
                                                        "headers": {
                                                            "ReadFileMetadataFromServer": false
                                                        },
                                                        "host": {
                                                            "connection": {
                                                                "name": "@parameters('$connections')['sftpwithssh']['connectionId']"
                                                            }
                                                        },
                                                        "method": "post",
                                                        "path": "/datasets/default/copyFile",
                                                        "queries": {
                                                            "destination": "@{parameters('EnvironmentBasedRootFolder')}/@{items('ForEachFolder')}/Processed/@{items('ForEachFiles')?['Name']}",
                                                            "overwrite": true,
                                                            "queryParametersSingleEncoded": true,
                                                            "source": "@items('ForEachFiles')?['Path']"
                                                        }
                                                    }
                                                },
                                                "DeleteProcessedFileFromInbox": {
                                                    "runAfter": {
                                                        "CopyFileToProcessed": [
                                                            "Succeeded"
                                                        ]
                                                    },
                                                    "type": "ApiConnection",
                                                    "inputs": {
                                                        "headers": {
                                                            "SkipDeleteIfFileNotFoundOnServer": true
                                                        },
                                                        "host": {
                                                            "connection": {
                                                                "name": "@parameters('$connections')['sftpwithssh']['connectionId']"
                                                            }
                                                        },
                                                        "method": "delete",
                                                        "path": "/datasets/default/files/@{encodeURIComponent(encodeURIComponent(items('ForEachFiles')?['Path']))}"
                                                    }
                                                },
                                                "GetDataPipelineMapping": {
                                                    "runAfter": {
                                                        "DeleteProcessedFileFromInbox": [
                                                            "Succeeded"
                                                        ]
                                                    },
                                                    "type": "ApiConnection",
                                                    "inputs": {
                                                        "body": {
                                                            "FileName": "@items('ForEachFiles')?['DisplayName']",
                                                            "MappingYear": "@variables('CurrentYear')",
                                                            "SourceFolder": "@{items('ForEachFolder')}"
                                                        },
                                                        "host": {
                                                            "connection": {
                                                                "name": "@parameters('$connections')['sqldw_1']['connectionId']"
                                                            }
                                                        },
                                                        "method": "post",
                                                        "path": "/datasets/default/procedures/@{encodeURIComponent(encodeURIComponent('[dbo].[usp_GetExcelExtractorDataPipelineMapping]'))}"
                                                    }
                                                },
                                                "LogSuccess": {
                                                    "runAfter": {
                                                        "StoreResponseToADLS": [
                                                            "Succeeded"
                                                        ]
                                                    },
                                                    "type": "ApiConnection",
                                                    "inputs": {
                                                        "body": {
                                                            "ExcelFileName": "@items('ForEachFiles')?['DisplayName']",
                                                            "LogType": "Success",
                                                            "SourceFolder": "@{items('ForEachFolder')}",
                                                            "TriggerRunID": "@{workflow()['run']['name']}"
                                                        },
                                                        "host": {
                                                            "connection": {
                                                                "name": "@parameters('$connections')['sqldw_1']['connectionId']"
                                                            }
                                                        },
                                                        "method": "post",
                                                        "path": "/datasets/default/procedures/@{encodeURIComponent(encodeURIComponent('[dbo].[usp_InsertIntoExcelExtractorLoggingTable]'))}"
                                                    }
                                                },
                                                "StoreResponseToADLS": {
                                                    "runAfter": {},
                                                    "type": "Http",
                                                    "inputs": {
                                                        "authentication": {
                                                            "audience": "[concat('https://', parameters('sidi_datalakestorage_name'), '.blob.core.windows.net/')]",
                                                            "type": "ManagedServiceIdentity"
                                                        },
                                                        "body": "@body('HttpTriggeredExcelReader')",
                                                        "headers": {
                                                            "x-ms-blob-type": "BlockBlob",
                                                            "x-ms-version": "2019-02-02"
                                                        },
                                                        "method": "PUT",
                                                        "retryPolicy": {
                                                            "type": "none"
                                                        },
                                                        "uri": "@{parameters('EnvironmentBasedADLSUrl')}/raw/SIDI/ExcelExtractor/@{items('ForEachFolder')}/@{utcNow('yyyy')}/@{utcNow('MM')}/@{utcNow('dd')}/@{substring(items('ForEachFiles')?['DisplayName'], 0, \nlastindexof(items('ForEachFiles')?['DisplayName'], '.'))}.json"
                                                    }
                                                },
                                                "TriggerDataFactoryPipeline": {
                                                    "runAfter": {
                                                        "GetDataPipelineMapping": [
                                                            "Succeeded"
                                                        ]
                                                    },
                                                    "type": "Http",
                                                    "inputs": {
                                                        "body": {
                                                            "DataFactoryName": "@parameters('DataFactory')",
                                                            "PipelineName": "@body('GetDataPipelineMapping')['ResultSets']['Table1'][0]['PipelineName']",
                                                            "PipelineParameter": "@json(body('GetDataPipelineMapping')['ResultSets']['Table1'][0]['PipelineParameterJSON'])",
                                                            "ResourceGroup": "@split(workflow()['run']['id'], '/')[4]",
                                                            "Subscription": "@split(workflow()['run']['id'], '/')[2]"
                                                        },
                                                        "headers": {
                                                            "Content-Type": "application/json"
                                                        },
                                                        "method": "POST",
                                                        "uri": "@parameters('PostUrlFor_lapp-abi-trigger-adf-pipeline')"
                                                    }
                                                }
                                            },
                                            "runAfter": {
                                                "HttpTriggeredExcelReader": [
                                                    "Succeeded",
                                                    "Failed"
                                                ]
                                            },
                                            "else": {
                                                "actions": {
                                                    "CopyFileToFailed": {
                                                        "runAfter": {
                                                            "LogFailure": [
                                                                "Succeeded"
                                                            ]
                                                        },
                                                        "type": "ApiConnection",
                                                        "inputs": {
                                                            "headers": {
                                                                "ReadFileMetadataFromServer": false
                                                            },
                                                            "host": {
                                                                "connection": {
                                                                    "name": "@parameters('$connections')['sftpwithssh']['connectionId']"
                                                                }
                                                            },
                                                            "method": "post",
                                                            "path": "/datasets/default/copyFile",
                                                            "queries": {
                                                                "destination": "@{parameters('EnvironmentBasedRootFolder')}/@{items('ForEachFolder')}/Failed/@{items('ForEachFiles')?['Name']}",
                                                                "overwrite": true,
                                                                "queryParametersSingleEncoded": true,
                                                                "source": "@items('ForEachFiles')?['Path']"
                                                            }
                                                        }
                                                    },
                                                    "DeleteFailedFileFromInbox": {
                                                        "runAfter": {
                                                            "CopyFileToFailed": [
                                                                "Succeeded"
                                                            ]
                                                        },
                                                        "type": "ApiConnection",
                                                        "inputs": {
                                                            "headers": {
                                                                "SkipDeleteIfFileNotFoundOnServer": true
                                                            },
                                                            "host": {
                                                                "connection": {
                                                                    "name": "@parameters('$connections')['sftpwithssh']['connectionId']"
                                                                }
                                                            },
                                                            "method": "delete",
                                                            "path": "/datasets/default/files/@{encodeURIComponent(encodeURIComponent(items('ForEachFiles')?['Path']))}"
                                                        }
                                                    },
                                                    "LogFailure": {
                                                        "runAfter": {},
                                                        "type": "ApiConnection",
                                                        "inputs": {
                                                            "body": {
                                                                "ExcelFileName": "@items('ForEachFiles')?['DisplayName']",
                                                                "LogDetail": "@{body('HttpTriggeredExcelReader')}",
                                                                "LogType": "Failure",
                                                                "SourceFolder": "@{items('ForEachFolder')}",
                                                                "TriggerRunID": "@{workflow()['run']['name']}"
                                                            },
                                                            "host": {
                                                                "connection": {
                                                                    "name": "@parameters('$connections')['sqldw_1']['connectionId']"
                                                                }
                                                            },
                                                            "method": "post",
                                                            "path": "/datasets/default/procedures/@{encodeURIComponent(encodeURIComponent('[dbo].[usp_InsertIntoExcelExtractorLoggingTable]'))}"
                                                        }
                                                    }
                                                }
                                            },
                                            "expression": {
                                                "and": [
                                                    {
                                                        "greater": [
                                                            "@length(string(body('HttpTriggeredExcelReader')))",
                                                            0
                                                        ]
                                                    },
                                                    {
                                                        "equals": [
                                                            "@outputs('HttpTriggeredExcelReader')['statusCode']",
                                                            200
                                                        ]
                                                    }
                                                ]
                                            },
                                            "type": "If"
                                        },
                                        "GetFileContent": {
                                            "runAfter": {},
                                            "type": "ApiConnection",
                                            "inputs": {
                                                "host": {
                                                    "connection": {
                                                        "name": "@parameters('$connections')['sftpwithssh']['connectionId']"
                                                    }
                                                },
                                                "method": "get",
                                                "path": "/datasets/default/files/@{encodeURIComponent(encodeURIComponent(items('ForEachFiles')?['Id']))}/content",
                                                "queries": {
                                                    "inferContentType": true
                                                }
                                            }
                                        },
                                        "HttpTriggeredExcelReader": {
                                            "runAfter": {
                                                "GetFileContent": [
                                                    "Succeeded"
                                                ]
                                            },
                                            "type": "Function",
                                            "inputs": {
                                                "body": "@body('GetFileContent')",
                                                "function": {
                                                    "id": "[concat(resourceId('Microsoft.Web/sites', parameters('sites_api_name')), '/functions/HttpTriggeredExcelReader')]"
                                                },
                                                "method": "POST",
                                                "queries": {
                                                    "FileName": "@items('ForEachFiles')?['DisplayName']",
                                                    "SourceFolder": "@items('ForEachFolder')",
                                                    "Year": "@variables('CurrentYear')"
                                                },
                                                "retryPolicy": {
                                                    "type": "none"
                                                }
                                            }
                                        }
                                    },
                                    "runAfter": {
                                        "ListFilesInFolder": [
                                            "Succeeded"
                                        ]
                                    },
                                    "type": "Foreach"
                                },
                                "ListFilesInFolder": {
                                    "runAfter": {},
                                    "type": "ApiConnection",
                                    "inputs": {
                                        "host": {
                                            "connection": {
                                                "name": "@parameters('$connections')['sftpwithssh']['connectionId']"
                                            }
                                        },
                                        "method": "get",
                                        "path": "/datasets/default/folders/@{encodeURIComponent(encodeURIComponent(parameters('EnvironmentBasedRootFolder'),'/',items('ForEachFolder'),'/Inbox'))}"
                                    }
                                }
                            },
                            "runAfter": {
                                "ForEachItem": [
                                    "Succeeded"
                                ]
                            },
                            "type": "Foreach"
                        },
                        "ForEachItem": {
                            "foreach": "@body('ListFolders')",
                            "actions": {
                                "CheckIfFolder": {
                                    "actions": {
                                        "AddFolderToList": {
                                            "runAfter": {},
                                            "type": "AppendToArrayVariable",
                                            "inputs": {
                                                "name": "Folders",
                                                "value": "@items('ForEachItem')?['Name']"
                                            }
                                        }
                                    },
                                    "runAfter": {},
                                    "expression": {
                                        "and": [
                                            {
                                                "equals": [
                                                    "@items('ForEachItem')?['IsFolder']",
                                                    true
                                                ]
                                            }
                                        ]
                                    },
                                    "type": "If"
                                }
                            },
                            "runAfter": {
                                "ListFolders": [
                                    "Succeeded"
                                ]
                            },
                            "type": "Foreach"
                        },
                        "InitializeFolderList": {
                            "runAfter": {},
                            "type": "InitializeVariable",
                            "inputs": {
                                "variables": [
                                    {
                                        "name": "Folders",
                                        "type": "array"
                                    }
                                ]
                            }
                        },
                        "ListFolders": {
                            "runAfter": {
                                "SetCurrentYear": [
                                    "Succeeded"
                                ]
                            },
                            "metadata": {
                                "L0Rldg==": "/Dev"
                            },
                            "type": "ApiConnection",
                            "inputs": {
                                "host": {
                                    "connection": {
                                        "name": "@parameters('$connections')['sftpwithssh']['connectionId']"
                                    }
                                },
                                "method": "get",
                                "path": "/datasets/default/folders/@{encodeURIComponent(encodeURIComponent('/',parameters('EnvironmentBasedRootFolder')))}"
                            }
                        },
                        "SetCurrentYear": {
                            "runAfter": {
                                "InitializeFolderList": [
                                    "Succeeded"
                                ]
                            },
                            "type": "InitializeVariable",
                            "inputs": {
                                "variables": [
                                    {
                                        "name": "CurrentYear",
                                        "type": "string",
                                        "value": "@{utcNow('yyyy')}"
                                    }
                                ]
                            }
                        }
                    },
                    "outputs": {}
                },
                "parameters": {
                    "$connections": {
                        "value": {
                            "sftpwithssh": {
                                "connectionId": "[resourceId('Microsoft.Web/connections', parameters('sidi_apiconnection_sftpSsh_name'))]",
                                "connectionName": "sftpwithssh-1",
                                "id": "[concat('/subscriptions/', subscription().subscriptionId, '/providers/Microsoft.Web/locations/', resourceGroup().location, '/managedApis/sftpwithssh')]"
                            },
                            "sqldw_1": {
                                "connectionId": "[resourceId('Microsoft.Web/connections', parameters('sidi_apiconnection_sql_name'))]",
                                "connectionName": "sql-3",
                                "id": "[concat('/subscriptions/', subscription().subscriptionId, '/providers/Microsoft.Web/locations/', resourceGroup().location, '/managedApis/sql')]"
                            }
                        }
                    }
                }
            }
        },
        {
            "type": "Microsoft.Logic/workflows/providers/diagnosticSettings",
            "name": "[concat(parameters('sidi_logicapp_excelExtractor_name'),'/microsoft.insights/', parameters('sidi_logicapp_excelExtractor_diagnostics_name'))]",
            "dependsOn": [
                "[resourceId('Microsoft.Logic/workflows', parameters('sidi_logicapp_excelExtractor_name'))]"
            ],
            "apiVersion": "2017-05-01-preview",
            "properties": {
                "name": "[parameters('sidi_logicapp_excelExtractor_diagnostics_name')]",
                "storageAccountId": "[if(not(parameters('use_logAnalytics')), resourceId('Microsoft.Storage/storageAccounts', parameters('sidi_diagnostics_storage_name')), null())]",
                "workspaceId": "[if(parameters('use_logAnalytics'), resourceId(parameters('group_shared_name'), 'Microsoft.OperationalInsights/workspaces', parameters('logAnalytics_shared_name')), null())]",
                "logs": [
                    {
                        "category": "WorkflowRuntime",
                        "enabled": true,
                        "retentionPolicy": {
                            "enabled": true,
                            "days": 7
                        }
                    }
                ],
                "metrics": [
                    {
                        "category": "AllMetrics",
                        "enabled": true,
                        "retentionPolicy": {
                            "enabled": true,
                            "days": 7
                        }
                    }
                ]
            }
        },
        {
            "type": "Microsoft.Storage/storageAccounts/providers/roleAssignments",
            "apiVersion": "2018-09-01-preview",
            "name": "[concat(parameters('sidi_datalakestorage_name'), '/Microsoft.Authorization/', guid(concat(resourceGroup().id, 'sidi_logicapp_excelExtractor', variables('role_storageBlobDataContributor_id'))))]",
            "dependsOn": [
                "[resourceId('Microsoft.Logic/workflows', parameters('sidi_logicapp_excelExtractor_name'))]"
            ],
            "properties": {
                "roleDefinitionId": "[concat('/subscriptions/', subscription().subscriptionId, '/providers/Microsoft.Authorization/roleDefinitions/', variables('role_storageBlobDataContributor_id'))]",
                "principalId": "[reference(resourceId('Microsoft.Logic/workflows', parameters('sidi_logicapp_excelExtractor_name')), '2017-07-01', 'Full').identity.principalId]",
                "principalType": "ServicePrincipal"
            }
        },
        {
            "type": "Microsoft.Logic/workflows",
            "apiVersion": "2016-06-01",
            "name": "[parameters('sidi_logicapp_logging_name')]",
            "location": "[resourceGroup().location]",
            "tags": "[variables('combined_tags')]",
            "dependsOn": [
                "[resourceId('Microsoft.Web/connections', parameters('sidi_apiconnection_servicebus_name'))]"
            ],
            "properties": {
                "definition": {
                    "$schema": "https://schema.management.azure.com/providers/Microsoft.Logic/schemas/2016-06-01/workflowdefinition.json#",
                    "contentVersion": "1.0.0.0",
                    "parameters": {
                        "$connections": {
                            "defaultValue": {},
                            "type": "Object"
                        }
                    },
                    "triggers": {
                        "manual": {
                            "type": "Request",
                            "kind": "Http",
                            "inputs": {
                                "method": "POST",
                                "schema": {
                                    "properties": {
                                        "LoadType": {
                                            "type": "string"
                                        },
                                        "LogDetail": {
                                            "type": "string"
                                        },
                                        "LogType": {
                                            "type": "string"
                                        },
                                        "PipelineName": {
                                            "type": "string"
                                        },
                                        "Region": {
                                            "type": "string"
                                        },
                                        "RunEndDateTime": {
                                            "type": "string"
                                        },
                                        "RunID": {
                                            "type": "string"
                                        },
                                        "RunStartDateTime": {
                                            "type": "string"
                                        },
                                        "SystemName": {
                                            "type": "string"
                                        }
                                    },
                                    "type": "object"
                                }
                            },
                            "conditions": []
                        }
                    },
                    "actions": {
                        "Parse_JSON": {
                            "runAfter": {},
                            "type": "ParseJson",
                            "inputs": {
                                "content": "@triggerBody()",
                                "schema": {
                                    "properties": {
                                        "LoadType": {
                                            "type": "string"
                                        },
                                        "LogDetail": {
                                            "type": "string"
                                        },
                                        "LogType": {
                                            "type": "string"
                                        },
                                        "PipelineName": {
                                            "type": "string"
                                        },
                                        "Region": {
                                            "type": "string"
                                        },
                                        "RunEndDateTime": {
                                            "type": "string"
                                        },
                                        "RunID": {
                                            "type": "string"
                                        },
                                        "RunStartDateTime": {
                                            "type": "string"
                                        },
                                        "SystemName": {
                                            "type": "string"
                                        }
                                    },
                                    "type": "object"
                                }
                            }
                        },
                        "Send_message": {
                            "runAfter": {
                                "Parse_JSON": [
                                    "Succeeded"
                                ]
                            },
                            "type": "ApiConnection",
                            "inputs": {
                                "body": {
                                    "ContentData": "@{base64(body('Parse_JSON'))}",
                                    "MessageId": "@{guid()}",
                                    "SessionId": "@{guid()}"
                                },
                                "host": {
                                    "connection": {
                                        "name": "@parameters('$connections')['servicebus']['connectionId']"
                                    }
                                },
                                "method": "post",
                                "path": "/@{encodeURIComponent(encodeURIComponent('abi-log-handler'))}/messages",
                                "queries": {
                                    "systemProperties": "Run Details"
                                }
                            }
                        }
                    },
                    "outputs": {}
                },
                "parameters": {
                    "$connections": {
                        "value": {
                            "servicebus": {
                                "connectionId": "[resourceId('Microsoft.Web/connections', parameters('sidi_apiconnection_servicebus_name'))]",
                                "connectionName": "servicebus",
                                "id": "[concat('/subscriptions/', subscription().subscriptionId, '/providers/Microsoft.Web/locations/', resourceGroup().location, '/managedApis/servicebus')]"
                            }
                        }
                    }
                }
            }
        },
        {
            "type": "Microsoft.Logic/workflows/providers/diagnosticSettings",
            "name": "[concat(parameters('sidi_logicapp_logging_name'),'/microsoft.insights/', parameters('sidi_logicapp_logging_diagnostics_name'))]",
            "dependsOn": [
                "[resourceId('Microsoft.Logic/workflows', parameters('sidi_logicapp_logging_name'))]"
            ],
            "apiVersion": "2017-05-01-preview",
            "properties": {
                "name": "[parameters('sidi_logicapp_logging_diagnostics_name')]",
                "storageAccountId": "[if(not(parameters('use_logAnalytics')), resourceId('Microsoft.Storage/storageAccounts', parameters('sidi_diagnostics_storage_name')), null())]",
                "workspaceId": "[if(parameters('use_logAnalytics'), resourceId(parameters('group_shared_name'), 'Microsoft.OperationalInsights/workspaces', parameters('logAnalytics_shared_name')), null())]",
                "logs": [
                    {
                        "category": "WorkflowRuntime",
                        "enabled": true,
                        "retentionPolicy": {
                            "enabled": true,
                            "days": 7
                        }
                    }
                ],
                "metrics": [
                    {
                        "category": "AllMetrics",
                        "enabled": true,
                        "retentionPolicy": {
                            "enabled": true,
                            "days": 7
                        }
                    }
                ]
            }
        },
        {
            "type": "Microsoft.KeyVault/vaults/secrets",
            "name": "[concat(parameters('sidi_keyvault_name'), '/lapp-abi-logging-callback-url')]",
            "apiVersion": "2016-10-01",
            "location": "[resourceGroup().location]",
            "dependsOn": [
                "[resourceId('Microsoft.Logic/workflows', parameters('sidi_logicapp_logging_name'))]"
            ],
            "properties": {
                "value": "[listCallbackURL(concat(resourceId('Microsoft.Logic/workflows', parameters('sidi_logicapp_logging_name')), '/triggers/manual'), '2016-06-01').value]"
            }
        },
        {
            "type": "Microsoft.Logic/workflows",
            "apiVersion": "2016-06-01",
            "name": "[parameters('sidi_logicapp_loghandler_name')]",
            "location": "[resourceGroup().location]",
            "tags": "[variables('combined_tags')]",
            "dependsOn": [
                "[resourceId('Microsoft.Web/connections', parameters('sidi_apiconnection_servicebus_name'))]",
                "[resourceId('Microsoft.Web/connections', parameters('sidi_apiconnection_sql_name'))]"
            ],
            "properties": {
                "definition": {
                    "$schema": "https://schema.management.azure.com/providers/Microsoft.Logic/schemas/2016-06-01/workflowdefinition.json#",
                    "contentVersion": "1.0.0.0",
                    "parameters": {
                        "$connections": {
                            "defaultValue": {},
                            "type": "Object"
                        }
                    },
                    "triggers": {
                        "When_a_message_is_received_in_a_queue_(peek-lock)": {
                            "recurrence": {
                                "frequency": "Minute",
                                "interval": 5
                            },
                            "type": "ApiConnection",
                            "inputs": {
                                "host": {
                                    "connection": {
                                        "name": "@parameters('$connections')['servicebus']['connectionId']"
                                    }
                                },
                                "method": "get",
                                "path": "/@{encodeURIComponent(encodeURIComponent('abi-log-handler'))}/messages/head/peek",
                                "queries": {
                                    "queueType": "Main",
                                    "sessionId": "Next Available"
                                }
                            }
                        }
                    },
                    "actions": {
                        "Complete_the_message_in_a_queue": {
                            "runAfter": {
                                "Execute_stored_procedure_(V2)": [
                                    "Succeeded"
                                ]
                            },
                            "type": "ApiConnection",
                            "inputs": {
                                "host": {
                                    "connection": {
                                        "name": "@parameters('$connections')['servicebus']['connectionId']"
                                    }
                                },
                                "method": "delete",
                                "path": "/@{encodeURIComponent(encodeURIComponent('abi-log-handler'))}/messages/complete",
                                "queries": {
                                    "lockToken": "@triggerBody()?['LockToken']",
                                    "queueType": "Main",
                                    "sessionId": "@triggerBody()?['SessionId']"
                                }
                            }
                        },
                        "Execute_stored_procedure_(V2)": {
                            "runAfter": {
                                "Parse_JSON": [
                                    "Succeeded"
                                ]
                            },
                            "type": "ApiConnection",
                            "inputs": {
                                "body": {
                                    "LoadType": "@body('Parse_JSON')?['LoadType']",
                                    "LogDetail": "@body('Parse_JSON')?['LogDetail']",
                                    "LogType": "@body('Parse_JSON')?['LogType']",
                                    "PipelineName": "@body('Parse_JSON')?['PipelineName']",
                                    "Region": "@body('Parse_JSON')?['Region']",
                                    "RunEndDateTime": "@body('Parse_JSON')?['RunEndDateTime']",
                                    "RunID": "@body('Parse_JSON')?['RunID']",
                                    "RunStartDateTime": "@body('Parse_JSON')?['RunStartDateTime']",
                                    "SourceSystemName": "@body('Parse_JSON')?['SystemName']"
                                },
                                "host": {
                                    "connection": {
                                        "name": "@parameters('$connections')['sql_1']['connectionId']"
                                    }
                                },
                                "method": "post",
                                "path": "/v2/datasets/@{encodeURIComponent(encodeURIComponent('default'))},@{encodeURIComponent(encodeURIComponent('default'))}/procedures/@{encodeURIComponent(encodeURIComponent('[dbo].[usp_InsertIntoLoggingTable]'))}"
                            }
                        },
                        "Parse_JSON": {
                            "runAfter": {},
                            "type": "ParseJson",
                            "inputs": {
                                "content": "@decodeBase64(triggerBody()?['ContentData'])",
                                "schema": {
                                    "properties": {
                                        "LoadType": {
                                            "type": "string"
                                        },
                                        "LogDetail": {
                                            "type": "string"
                                        },
                                        "LogType": {
                                            "type": "string"
                                        },
                                        "PipelineName": {
                                            "type": "string"
                                        },
                                        "Region": {
                                            "type": "string"
                                        },
                                        "RunEndDateTime": {
                                            "type": "string"
                                        },
                                        "RunID": {
                                            "type": "string"
                                        },
                                        "RunStartDateTime": {
                                            "type": "string"
                                        },
                                        "SystemName": {
                                            "type": "string"
                                        }
                                    },
                                    "type": "object"
                                }
                            }
                        }
                    },
                    "outputs": {}
                },
                "parameters": {
                    "$connections": {
                        "value": {
                            "servicebus": {
                                "connectionId": "[resourceId('Microsoft.Web/connections', parameters('sidi_apiconnection_servicebus_name'))]",
                                "connectionName": "servicebus",
                                "id": "[concat('/subscriptions/', subscription().subscriptionId, '/providers/Microsoft.Web/locations/', resourceGroup().location, '/managedApis/servicebus')]"
                            },
                            "sql_1": {
                                "connectionId": "[resourceId('Microsoft.Web/connections', parameters('sidi_apiconnection_sql_name'))]",
                                "connectionName": "sql-3",
                                "id": "[concat('/subscriptions/', subscription().subscriptionId, '/providers/Microsoft.Web/locations/', resourceGroup().location, '/managedApis/sql')]"
                            }
                        }
                    }
                }
            }
        },
        {
            "type": "Microsoft.Logic/workflows/providers/diagnosticSettings",
            "name": "[concat(parameters('sidi_logicapp_loghandler_name'),'/microsoft.insights/', parameters('sidi_logicapp_loghandler_diagnostics_name'))]",
            "dependsOn": [
                "[resourceId('Microsoft.Logic/workflows', parameters('sidi_logicapp_loghandler_name'))]"
            ],
            "apiVersion": "2017-05-01-preview",
            "properties": {
                "name": "[parameters('sidi_logicapp_loghandler_diagnostics_name')]",
                "storageAccountId": "[if(not(parameters('use_logAnalytics')), resourceId('Microsoft.Storage/storageAccounts', parameters('sidi_diagnostics_storage_name')), null())]",
                "workspaceId": "[if(parameters('use_logAnalytics'), resourceId(parameters('group_shared_name'), 'Microsoft.OperationalInsights/workspaces', parameters('logAnalytics_shared_name')), null())]",
                "logs": [
                    {
                        "category": "WorkflowRuntime",
                        "enabled": true,
                        "retentionPolicy": {
                            "enabled": true,
                            "days": 7
                        }
                    }
                ],
                "metrics": [
                    {
                        "category": "AllMetrics",
                        "enabled": true,
                        "retentionPolicy": {
                            "enabled": true,
                            "days": 7
                        }
                    }
                ]
            }
        },
        {
            "type": "Microsoft.Logic/workflows",
            "apiVersion": "2016-06-01",
            "name": "[parameters('sidi_logicapp_msghandler_name')]",
            "location": "[resourceGroup().location]",
            "tags": "[variables('combined_tags')]",
            "dependsOn": [
                "[resourceId('Microsoft.Web/connections', parameters('sidi_apiconnection_servicebus_name'))]"
            ],
            "properties": {
                "definition": {
                    "$schema": "https://schema.management.azure.com/providers/Microsoft.Logic/schemas/2016-06-01/workflowdefinition.json#",
                    "contentVersion": "1.0.0.0",
                    "parameters": {
                        "$connections": {
                            "defaultValue": {},
                            "type": "Object"
                        }
                    },
                    "triggers": {
                        "When_a_message_is_received_in_a_queue_(peek-lock)": {
                            "recurrence": {
                                "frequency": "Week",
                                "interval": 3
                            },
                            "type": "ApiConnection",
                            "inputs": {
                                "host": {
                                    "connection": {
                                        "name": "@parameters('$connections')['servicebus']['connectionId']"
                                    }
                                },
                                "method": "get",
                                "path": "/@{encodeURIComponent(encodeURIComponent('abi-message-handler'))}/messages/head/peek",
                                "queries": {
                                    "queueType": "Main",
                                    "sessionId": "Next Available"
                                }
                            }
                        }
                    },
                    "actions": {
                        "Parse_JSON": {
                            "runAfter": {},
                            "type": "ParseJson",
                            "inputs": {
                                "content": "@triggerBody()?['ContentData']",
                                "schema": {
                                    "properties": {
                                        "LoadType": {
                                            "type": "string"
                                        },
                                        "LogDetail": {
                                            "type": "string"
                                        },
                                        "LogType": {
                                            "type": "string"
                                        },
                                        "PipelineName": {
                                            "type": "string"
                                        },
                                        "Region": {
                                            "type": "string"
                                        },
                                        "RunEndDateTime": {
                                            "type": "string"
                                        },
                                        "RunID": {
                                            "type": "string"
                                        },
                                        "RunStartDateTime": {
                                            "type": "string"
                                        },
                                        "SystemName": {
                                            "type": "string"
                                        }
                                    },
                                    "type": "object"
                                }
                            }
                        }
                    },
                    "outputs": {}
                },
                "parameters": {
                    "$connections": {
                        "value": {
                            "servicebus": {
                                "connectionId": "[resourceId('Microsoft.Web/connections', parameters('sidi_apiconnection_servicebus_name'))]",
                                "connectionName": "servicebus",
                                "id": "[concat('/subscriptions/', subscription().subscriptionId, '/providers/Microsoft.Web/locations/', resourceGroup().location, '/managedApis/servicebus')]"
                            }
                        }
                    }
                }
            }
        },
        {
            "type": "Microsoft.Logic/workflows/providers/diagnosticSettings",
            "name": "[concat(parameters('sidi_logicapp_msghandler_name'),'/microsoft.insights/', parameters('sidi_logicapp_msghandler_diagnostics_name'))]",
            "dependsOn": [
                "[resourceId('Microsoft.Logic/workflows', parameters('sidi_logicapp_msghandler_name'))]"
            ],
            "apiVersion": "2017-05-01-preview",
            "properties": {
                "name": "[parameters('sidi_logicapp_msghandler_diagnostics_name')]",
                "storageAccountId": "[if(not(parameters('use_logAnalytics')), resourceId('Microsoft.Storage/storageAccounts', parameters('sidi_diagnostics_storage_name')), null())]",
                "workspaceId": "[if(parameters('use_logAnalytics'), resourceId(parameters('group_shared_name'), 'Microsoft.OperationalInsights/workspaces', parameters('logAnalytics_shared_name')), null())]",
                "logs": [
                    {
                        "category": "WorkflowRuntime",
                        "enabled": true,
                        "retentionPolicy": {
                            "enabled": true,
                            "days": 7
                        }
                    }
                ],
                "metrics": [
                    {
                        "category": "AllMetrics",
                        "enabled": true,
                        "retentionPolicy": {
                            "enabled": true,
                            "days": 7
                        }
                    }
                ]
            }
        }
    ]
}