{
    "$schema": "https://schema.management.azure.com/schemas/2019-04-01/deploymentTemplate.json#",
    "contentVersion": "1.0.0.0",
    "parameters": {
        "sidi_vnet_name": {
            "type": "string"
        },
        "sidi_vnet_subnet_default_nsg_name": {
            "type": "string"
        },
        "sidi_datafactory_name":{  
            "type":"string"
        },
        "sidi_datafactory_diagnostics_name":{
            "type":"string"
        },
        "sidi_keyvault_name": {
            "type": "String"
        },
        "sidi_keyvault_diagnostics_name": {
            "type": "String"
        },
        "sidi_diagnostics_storage_name": {
            "type": "string"
        },
        "sidi_datalakestorage_name": {
            "type": "String"
        },
        "sidi_sqlserver_name": {
            "type": "String"
        },
        "sidi_servicebus_name": {
            "type": "string"
        },
        "sidi_servicebus_diagnostics_name": {
            "type": "string"
        },
        "sidi_sqlserver_admin_name": {
            "type": "String"
        },
        "sidi_sqlserver_admin_password": {
            "type": "securestring"
        },
        "sidi_sqlserver_ad_admin_login": {
            "type": "string"
        },
        "sidi_sqlserver_ad_admin_object_id": {
            "type": "string"
        },
        "sidi_sqlserver_pool_name": {
            "type": "string"
        },
        "sidi_sqlserver_pool_capacity": {
            "type": "int"
        },
        "sidi_sqlserver_pool_minCapacity": {
            "type": "int"
        },
        "sidi_sqlserver_pool_maxCapacity": {
            "type": "int"
        },
        "sidi_sqlserver_pool_maxSizeBytes": {
            "type": "int"
        },
        "sidi_sqlserver_db_mdm_name": {
            "type": "String"
        },
        "sidi_sqlserver_db_mdm_diagnostics_name": {
            "type": "string"
        },
        "sidi_sqlserver_db_reporting_name": {
            "type": "String"
        },
        "sidi_sqlserver_db_reporting_diagnostics_name": {
            "type": "string"
        },
        "sidi_sqlserver_db_master_name": {
            "type": "String"
        },
        "sidi_sqlserver_db_master_diagnostics_name": {
            "type": "string"
        },
        "sidi_sql_db_master_user_rw_name": {
            "type": "string"
        },
        "sidi_sql_db_master_user_rw_password": {
            "type": "securestring"
        },
        "MarketPoint_oAuthBearerPassword": {
            "type": "securestring"
        },
        "mdm_on_prem_dw_connection_string": {
            "type": "securestring"
        },
        "mdm_on_prem_mds_connection_string": {
            "type": "securestring"
        },
        "SOPs_QA_12_connection_string": {
            "type": "securestring"
        },
        "MarketPoint_API_Url_Global": {
            "type": "securestring"
        },
        "MarketPoint_API_PageSize": {
            "type": "securestring"
        },
        "SOPs_NI_connection_string": {
            "type": "securestring"
        },
        "SOPs_AUS_connection_string": {
            "type": "securestring"
        },
        "SOPs_AUS_BPO_connection_string": {
            "type": "securestring"
        },
        "SOPs_NZ_connection_string": {
            "type": "securestring"
        },
        "SOPs_SNG_connection_string": {
            "type": "securestring"
        },
        "SOPs_CMI_USA_connection_string": {
            "type": "securestring"
        },
        "fabs_Global_connection_string": {
            "type": "securestring"
        },
        "oAuthBearerTokenUrl_MarketPoint_Global": {
            "type": "securestring"
        },
        "oAuthBearerTokenCredential_MarketPoint_Global": {
            "type": "securestring"
        },
        "Proact_API_PageSize": {
            "type": "securestring"
        },
        "oAuthBearerTokenUrl_Proact_Global": {
            "type": "securestring"
        },
        "oAuthBearerTokenCredential_Proact_Global": {
            "type": "securestring"
        },
        "Proact_API_Url_Global": {
            "type": "securestring"
        },
        "ad_sp_sharedDeploymentPrincipal_objectId": {
            "type": "string"
        },
        "sidi_sqlserver_ipRanges": {
            "type": "array",
            "defaultValue": [
                {
                    "rulePrefix": "datafactory",
                    "startIpAddress": "51.104.9.32",
                    "endIpAddress": "51.104.9.47"
                },
                {
                    "rulePrefix": "datafactory",
                    "startIpAddress": "51.104.24.128",
                    "endIpAddress": "51.104.24.255"
                },
                {
                    "rulePrefix": "datafactory",
                    "startIpAddress": "51.104.25.0",
                    "endIpAddress": "51.104.25.63"
                },
                {
                    "rulePrefix": "datafactory",
                    "startIpAddress": "51.104.29.216",
                    "endIpAddress": "51.104.29.223"
                },
                {
                    "rulePrefix": "datafactory",
                    "startIpAddress": "51.105.67.240",
                    "endIpAddress": "51.105.67.255"
                },
                {
                    "rulePrefix": "datafactory",
                    "startIpAddress": "51.105.75.240",
                    "endIpAddress": "51.105.75.255"
                },
                {
                    "rulePrefix": "civica",
                    "startIpAddress": "213.143.143.68",
                    "endIpAddress": "213.143.143.69"
                },
                {
                    "rulePrefix": "civicavadodra",
                    "startIpAddress": "10.91.101.65",
                    "endIpAddress": "10.91.101.65"
                },
                {
                    "rulePrefix": "logicapps",
                    "startIpAddress": "51.140.80.51",
                    "endIpAddress": "51.140.80.51"
                },
                {
                    "rulePrefix": "logicapps",
                    "startIpAddress": "51.140.148.0",
                    "endIpAddress": "51.140.148.15"
                },
                {
                    "rulePrefix": "logicapps",
                    "startIpAddress": "51.140.61.124",
                    "endIpAddress": "51.140.61.124"
                },
                {
                    "rulePrefix": "logicapps",
                    "startIpAddress": "51.140.74.150",
                    "endIpAddress": "51.140.74.150"
                },
                {
                    "rulePrefix": "logicapps",
                    "startIpAddress": "51.105.77.96",
                    "endIpAddress": "51.105.77.127"
                },
                {
                    "rulePrefix": "civica",
                    "startIpAddress": "213.143.146.159",
                    "endIpAddress": "213.143.146.159"
                }
            ]
        },
        "sidi_datalakestorage_allowedIps": {
            "type": "array",
            "defaultValue": [
                {
                    "value": "213.143.143.68"
                },
                {
                    "value": "213.143.143.69"
                },
                {
                    "value": "182.75.144.27"
                },
                {
                    "value": "49.248.0.66"
                },
                {
                    "value": "125.19.12.146"
                }
            ]
        },
        "components_insights_name": {
            "type": "string"
        },
        "appservice_plan_name": {
            "type": "string"
        },
        "sites_api_name": {
            "type": "string"
        },
        "storageAccounts_functstore_name": {
            "type": "string"
        },
        "group_shared_name": {
            "type": "string"
        },
        "use_logAnalytics": {
            "type": "bool",
            "defaultValue": false
        },
        "logAnalytics_shared_name": {
            "type": "string",
            "defaultValue": ""
        },
        "resource_tags": {
            "type": "object"
        },
        "release_version": {
            "type": "string",
            "defaultValue": ""
        }
    },
    "variables": {
        "sidi_vnet_subnet_default_name": "default",
        "role_reader_id": "acdd72a7-3385-48ef-bd42-f606fba81ae7",
        "role_blobContributor_id": "ba92f5b4-2d11-453d-a403-e96b0029c9fe",
        "version_object": {
            "version": "[parameters('release_version')]"
        },
        "combined_tags": "[union(parameters('resource_tags'), variables('version_object'))]"
    },
    "resources": [
        {
            "type": "Microsoft.Network/networkSecurityGroups",
            "apiVersion": "2019-08-01",
            "name": "[parameters('sidi_vnet_subnet_default_nsg_name')]",
            "location": "[resourceGroup().location]",
            "tags": "[variables('combined_tags')]",
            "properties": {
                "securityRules": [
                    {
                        "name": "default-allow-3389",
                        "properties": {
                        "priority": 1000,
                        "access": "Allow",
                        "direction": "Inbound",
                        "destinationPortRange": "3389",
                        "protocol": "Tcp",
                        "sourceAddressPrefixes": [
                            "213.143.143.68",
                            "213.143.146.159",
                            "90.253.59.224",
                            "86.182.207.213"
                        ],
                        "sourcePortRange": "*",
                        "destinationAddressPrefix": "*"
                        }
                    }
                ]
            }
        },
        {
            "type": "Microsoft.Network/virtualNetworks",
            "apiVersion": "2019-09-01",
            "name": "[parameters('sidi_vnet_name')]",
            "location": "[resourceGroup().location]",
            "tags": "[variables('combined_tags')]",
            "dependsOn": [
                "[resourceId('Microsoft.Network/networkSecurityGroups', parameters('sidi_vnet_subnet_default_nsg_name'))]"
            ],
            "properties": {
                "addressSpace": {
                    "addressPrefixes": [
                        "10.0.0.0/24"
                    ]
                },
                "subnets": [
                    {
                        "name": "[variables('sidi_vnet_subnet_default_name')]",
                        "properties": {
                            "addressPrefix": "10.0.0.0/24",
                            "serviceEndpoints": [
                                {
                                    "service": "Microsoft.Storage",
                                    "locations": [
                                        "[resourceGroup().location]",
                                        "ukwest"
                                    ]
                                },
                                {
                                    "service": "Microsoft.Sql",
                                    "locations": [
                                        "[resourceGroup().location]"
                                    ]
                                }
                            ],
                            "delegations": [
                            ],
                            "privateEndpointNetworkPolicies": "Enabled",
                            "privateLinkServiceNetworkPolicies": "Enabled",
                            "networkSecurityGroup": {
                                "id": "[resourceId('Microsoft.Network/networkSecurityGroups', parameters('sidi_vnet_subnet_default_nsg_name'))]"
                            }
                        }
                    }
                ],
                "virtualNetworkPeerings": [],
                "enableDdosProtection": false,
                "enableVmProtection": false
            }
        },
        {
            "type":"Microsoft.DataFactory/factories",
            "apiVersion":"2018-06-01",
            "name":"[parameters('sidi_datafactory_name')]",
            "location":"[resourceGroup().location]",
            "tags": "[variables('combined_tags')]",
            "identity":{  
                "type":"SystemAssigned"
            },
            "properties": {}
        },
        {
            "type": "Microsoft.DataFactory/factories/integrationruntimes",
            "apiVersion": "2018-06-01",
            "name": "[concat(parameters('sidi_datafactory_name'), '/azureVNetIR')]",
            "location":"[resourceGroup().location]",
            "tags": "[variables('combined_tags')]",
            "dependsOn": [
                "[resourceId('Microsoft.DataFactory/factories', parameters('sidi_datafactory_name'))]"
            ],
            "properties": {
                "type": "SelfHosted",
                "description": "Self-hosted Integration runtime created using ARM template"
            }
        },
        {
            "type": "Microsoft.DataFactory/factories/providers/diagnosticSettings",
            "name": "[concat(parameters('sidi_datafactory_name'),'/microsoft.insights/', parameters('sidi_datafactory_diagnostics_name'))]",
            "dependsOn": [
                "[resourceId('Microsoft.DataFactory/factories', parameters('sidi_datafactory_name'))]",
                "[resourceId('Microsoft.Storage/storageAccounts', parameters('sidi_diagnostics_storage_name'))]"
            ],
            "apiVersion": "2017-05-01-preview",
            "properties": {
                "name": "[parameters('sidi_datafactory_diagnostics_name')]",
                "storageAccountId": "[if(not(parameters('use_logAnalytics')), resourceId('Microsoft.Storage/storageAccounts', parameters('sidi_diagnostics_storage_name')), null())]",
                "workspaceId": "[if(parameters('use_logAnalytics'), resourceId(parameters('group_shared_name'), 'Microsoft.OperationalInsights/workspaces', parameters('logAnalytics_shared_name')), null())]",
                "logs": [
                    {
                        "category": "ActivityRuns",
                        "enabled": true,
                        "retentionPolicy": {
                            "enabled": true,
                            "days": 7
                        }
                    },
                    {
                        "category": "PipelineRuns",
                        "enabled": true,
                        "retentionPolicy": {
                            "enabled": true,
                            "days": 7
                        }
                    }
                ],
                "metrics": [
                    {
                        "category": "AllMetrics",
                        "enabled": true,
                        "retentionPolicy": {
                            "enabled": true,
                            "days": 7
                        }
                    }
                ]
            }
        },
        {
            "type": "Microsoft.DataFactory/factories/providers/roleAssignments",
            "apiVersion": "2018-09-01-preview",
            "name": "[concat(parameters('sidi_datafactory_name'), '/Microsoft.Authorization/', guid(uniqueString(parameters('sidi_datafactory_name'))))]",
            "dependsOn": [
                "[resourceId('Microsoft.DataFactory/factories', parameters('sidi_datafactory_name'))]"
            ],
            "properties": {
                "roleDefinitionId": "[concat('/subscriptions/', subscription().subscriptionId, '/providers/Microsoft.Authorization/roleDefinitions/', variables('role_reader_id'))]",
                "principalId": "[parameters('ad_sp_sharedDeploymentPrincipal_objectId')]",
                "principalType": "ServicePrincipal"
            }
        },
        {
            "type": "Microsoft.KeyVault/vaults",
            "apiVersion": "2016-10-01",
            "name": "[parameters('sidi_keyvault_name')]",
            "location": "[resourceGroup().location]",
            "tags": "[variables('combined_tags')]",
            "dependsOn": [
                "[resourceId('Microsoft.DataFactory/factories', parameters('sidi_datafactory_name'))]",
                "[resourceId('Microsoft.Web/sites', parameters('sites_api_name'))]"
            ],
            "properties": {
                "sku": {
                    "family": "A",
                    "name": "Standard"
                },
                "tenantId": "[subscription().tenantId]",
                "accessPolicies": [
                    {
                        "tenantId": "[reference(resourceId('Microsoft.DataFactory/factories', parameters('sidi_datafactory_name')), '2018-06-01', 'Full').identity.tenantId]",
                        "objectId": "[reference(resourceId('Microsoft.DataFactory/factories', parameters('sidi_datafactory_name')), '2018-06-01', 'Full').identity.principalId]",
                        "permissions": {
                            "keys": [
                                "Get"
                            ],
                            "secrets": [
                                "Get"
                            ],
                            "certificates": []
                        }
                    },
                                        {
                        "tenantId": "[reference(resourceId('Microsoft.Web/sites', parameters('sites_api_name')), '2018-11-01', 'Full').identity.tenantId]",
                        "objectId": "[reference(resourceId('Microsoft.Web/sites', parameters('sites_api_name')), '2018-11-01', 'Full').identity.principalId]",
                        "permissions": {
                            "keys": [],
                            "secrets": [
                                "Get"
                            ],
                            "certificates": []
                        }
                    }
                ],
                "enabledForDeployment": false,
                "enabledForDiskEncryption": false,
                "enabledForTemplateDeployment": false
            }
        },
        {
            "type": "Microsoft.KeyVault/vaults/secrets",
            "name": "[concat(parameters('sidi_keyvault_name'), '/sqldb-abi-mdm-connection-string')]",
            "apiVersion": "2016-10-01",
            "location": "[resourceGroup().location]",
            "dependsOn": [
                "[resourceId('Microsoft.KeyVault/vaults', parameters('sidi_keyvault_name'))]"
            ],
            "properties": {
                "value": "[concat('Server=', parameters('sidi_sqlserver_name'), '.database.windows.net;Database=', parameters('sidi_sqlserver_db_mdm_name'), ';')]"
            }
        },
        {
            "type": "Microsoft.KeyVault/vaults/secrets",
            "name": "[concat(parameters('sidi_keyvault_name'), '/sqldb-abi-master-connection-string')]",
            "apiVersion": "2016-10-01",
            "location": "[resourceGroup().location]",
            "dependsOn": [
                "[resourceId('Microsoft.KeyVault/vaults', parameters('sidi_keyvault_name'))]"
            ],
            "properties": {
                "value": "[concat('Server=', parameters('sidi_sqlserver_name'), '.database.windows.net;Database=', parameters('sidi_sqlserver_db_master_name'), ';')]"
            }
        },
        {
            "type": "Microsoft.KeyVault/vaults/secrets",
            "name": "[concat(parameters('sidi_keyvault_name'), '/sqldb-abi-reporting-connection-string')]",
            "apiVersion": "2016-10-01",
            "location": "[resourceGroup().location]",
            "dependsOn": [
                "[resourceId('Microsoft.KeyVault/vaults', parameters('sidi_keyvault_name'))]"
            ],
            "properties": {
                "value": "[concat('Server=', parameters('sidi_sqlserver_name'), '.database.windows.net;Database=', parameters('sidi_sqlserver_db_reporting_name'), ';')]"
            }
        },
        {
            "type": "Microsoft.KeyVault/vaults/secrets",
            "name": "[concat(parameters('sidi_keyvault_name'), '/AzFunction-sqldb-abi-master-connection-string')]",
            "apiVersion": "2016-10-01",
            "location": "[resourceGroup().location]",
            "dependsOn": [
                "[resourceId('Microsoft.KeyVault/vaults', parameters('sidi_keyvault_name'))]"
            ],
            "properties": {
                "value": "[concat('Server=', parameters('sidi_sqlserver_name'), '.database.windows.net;Database=', parameters('sidi_sqlserver_db_master_name'), ';Persist Security Info=False;User ID=', parameters('sidi_sql_db_master_user_rw_name'), ';Password=', parameters('sidi_sql_db_master_user_rw_password'), ';MultipleActiveResultSets=False;Encrypt=True;TrustServerCertificate=False;Connection Timeout=30;')]"
            }
        },
        {
            "type": "Microsoft.KeyVault/vaults/secrets",
            "name": "[concat(parameters('sidi_keyvault_name'), '/MarketPoint-oAuthBearerPassword')]",
            "apiVersion": "2016-10-01",
            "location": "[resourceGroup().location]",
            "dependsOn": [
                "[resourceId('Microsoft.KeyVault/vaults', parameters('sidi_keyvault_name'))]"
            ],
            "properties": {
                "value": "[parameters('MarketPoint_oAuthBearerPassword')]"
            }
        },
        {
            "type": "Microsoft.KeyVault/vaults/secrets",
            "name": "[concat(parameters('sidi_keyvault_name'), '/mdm-on-prem-dw-connection-string')]",
            "apiVersion": "2016-10-01",
            "location": "[resourceGroup().location]",
            "dependsOn": [
                "[resourceId('Microsoft.KeyVault/vaults', parameters('sidi_keyvault_name'))]"
            ],
            "properties": {
                "value": "[parameters('mdm_on_prem_dw_connection_string')]"
            }
        },
        {
            "type": "Microsoft.KeyVault/vaults/secrets",
            "name": "[concat(parameters('sidi_keyvault_name'), '/mdm-on-prem-mds-connection-string')]",
            "apiVersion": "2016-10-01",
            "location": "[resourceGroup().location]",
            "dependsOn": [
                "[resourceId('Microsoft.KeyVault/vaults', parameters('sidi_keyvault_name'))]"
            ],
            "properties": {
                "value": "[parameters('mdm_on_prem_mds_connection_string')]"
            }
        },
        {
            "type": "Microsoft.KeyVault/vaults/secrets",
            "name": "[concat(parameters('sidi_keyvault_name'), '/SOPs-UK-connection-string')]",
            "apiVersion": "2016-10-01",
            "location": "[resourceGroup().location]",
            "dependsOn": [
                "[resourceId('Microsoft.KeyVault/vaults', parameters('sidi_keyvault_name'))]"
            ],
            "properties": {
                "value": "[parameters('SOPs_QA_12_connection_string')]"
            }
        },
        {
            "type": "Microsoft.KeyVault/vaults/secrets",
            "name": "[concat(parameters('sidi_keyvault_name'), '/MarketPoint-API-Url-Global')]",
            "apiVersion": "2016-10-01",
            "location": "[resourceGroup().location]",
            "dependsOn": [
                "[resourceId('Microsoft.KeyVault/vaults', parameters('sidi_keyvault_name'))]"
            ],
            "properties": {
                "value": "[parameters('MarketPoint_API_Url_Global')]"
            }
        },
        
        {
            "type": "Microsoft.KeyVault/vaults/secrets",
            "name": "[concat(parameters('sidi_keyvault_name'), '/MarketPoint-API-PageSize')]",
            "apiVersion": "2016-10-01",
            "location": "[resourceGroup().location]",
            "dependsOn": [
                "[resourceId('Microsoft.KeyVault/vaults', parameters('sidi_keyvault_name'))]"
            ],
            "properties": {
                "value": "[parameters('MarketPoint_API_PageSize')]"
            }
        },
        {
            "type": "Microsoft.KeyVault/vaults/secrets",
            "name": "[concat(parameters('sidi_keyvault_name'), '/SOPs-NI-connection-string')]",
            "apiVersion": "2016-10-01",
            "location": "[resourceGroup().location]",
            "dependsOn": [
                "[resourceId('Microsoft.KeyVault/vaults', parameters('sidi_keyvault_name'))]"
            ],
            "properties": {
                "value": "[parameters('SOPs_NI_connection_string')]"
            }
        },
        {
            "type": "Microsoft.KeyVault/vaults/secrets",
            "name": "[concat(parameters('sidi_keyvault_name'), '/SOPs-AUS-connection-string')]",
            "apiVersion": "2016-10-01",
            "location": "[resourceGroup().location]",
            "dependsOn": [
                "[resourceId('Microsoft.KeyVault/vaults', parameters('sidi_keyvault_name'))]"
            ],
            "properties": {
                "value": "[parameters('SOPs_AUS_connection_string')]"
            }
        },
        {
            "type": "Microsoft.KeyVault/vaults/secrets",
            "name": "[concat(parameters('sidi_keyvault_name'), '/SOPs-AUS-BPO-connection-string')]",
            "apiVersion": "2016-10-01",
            "location": "[resourceGroup().location]",
            "dependsOn": [
                "[resourceId('Microsoft.KeyVault/vaults', parameters('sidi_keyvault_name'))]"
            ],
            "properties": {
                "value": "[parameters('SOPs_AUS_BPO_connection_string')]"
            }
        },
        {
            "type": "Microsoft.KeyVault/vaults/secrets",
            "name": "[concat(parameters('sidi_keyvault_name'), '/SOPs-NZ-connection-string')]",
            "apiVersion": "2016-10-01",
            "location": "[resourceGroup().location]",
            "dependsOn": [
                "[resourceId('Microsoft.KeyVault/vaults', parameters('sidi_keyvault_name'))]"
            ],
            "properties": {
                "value": "[parameters('SOPs_NZ_connection_string')]"
            }
        },
        {
            "type": "Microsoft.KeyVault/vaults/secrets",
            "name": "[concat(parameters('sidi_keyvault_name'), '/SOPs-SNG-connection-string')]",
            "apiVersion": "2016-10-01",
            "location": "[resourceGroup().location]",
            "dependsOn": [
                "[resourceId('Microsoft.KeyVault/vaults', parameters('sidi_keyvault_name'))]"
            ],
            "properties": {
                "value": "[parameters('SOPs_SNG_connection_string')]"
            }
        },
        {
            "type": "Microsoft.KeyVault/vaults/secrets",
            "name": "[concat(parameters('sidi_keyvault_name'), '/SOPs-CMI-USA-connection-string')]",
            "apiVersion": "2016-10-01",
            "location": "[resourceGroup().location]",
            "dependsOn": [
                "[resourceId('Microsoft.KeyVault/vaults', parameters('sidi_keyvault_name'))]"
            ],
            "properties": {
                "value": "[parameters('SOPs_CMI_USA_connection_string')]"
            }
        },
        {
            "type": "Microsoft.KeyVault/vaults/secrets",
            "name": "[concat(parameters('sidi_keyvault_name'), '/fabs-Global-connection-string')]",
            "apiVersion": "2016-10-01",
            "location": "[resourceGroup().location]",
            "dependsOn": [
                "[resourceId('Microsoft.KeyVault/vaults', parameters('sidi_keyvault_name'))]"
            ],
            "properties": {
                "value": "[parameters('fabs_Global_connection_string')]"
            }
        },
        {
            "type": "Microsoft.KeyVault/vaults/secrets",
            "name": "[concat(parameters('sidi_keyvault_name'), '/oAuthBearerTokenUrl-MarketPoint-Global')]",
            "apiVersion": "2016-10-01",
            "location": "[resourceGroup().location]",
            "dependsOn": [
                "[resourceId('Microsoft.KeyVault/vaults', parameters('sidi_keyvault_name'))]"
            ],
            "properties": {
                "value": "[parameters('oAuthBearerTokenUrl_MarketPoint_Global')]"
            }
        },
        {
            "type": "Microsoft.KeyVault/vaults/secrets",
            "name": "[concat(parameters('sidi_keyvault_name'), '/oAuthBearerTokenCredential-MarketPoint-Global')]",
            "apiVersion": "2016-10-01",
            "location": "[resourceGroup().location]",
            "dependsOn": [
                "[resourceId('Microsoft.KeyVault/vaults', parameters('sidi_keyvault_name'))]"
            ],
            "properties": {
                "value": "[parameters('oAuthBearerTokenCredential_MarketPoint_Global')]"
            }
        },
        {
            "type": "Microsoft.KeyVault/vaults/secrets",
            "name": "[concat(parameters('sidi_keyvault_name'), '/Proact-API-PageSize')]",
            "apiVersion": "2016-10-01",
            "location": "[resourceGroup().location]",
            "dependsOn": [
                "[resourceId('Microsoft.KeyVault/vaults', parameters('sidi_keyvault_name'))]"
            ],
            "properties": {
                "value": "[parameters('Proact_API_PageSize')]"
            }
        },
        {
            "type": "Microsoft.KeyVault/vaults/secrets",
            "name": "[concat(parameters('sidi_keyvault_name'), '/oAuthBearerTokenUrl-Proact-Global')]",
            "apiVersion": "2016-10-01",
            "location": "[resourceGroup().location]",
            "dependsOn": [
                "[resourceId('Microsoft.KeyVault/vaults', parameters('sidi_keyvault_name'))]"
            ],
            "properties": {
                "value": "[parameters('oAuthBearerTokenUrl_Proact_Global')]"
            }
        },
        {
            "type": "Microsoft.KeyVault/vaults/secrets",
            "name": "[concat(parameters('sidi_keyvault_name'), '/oAuthBearerTokenCredential-Proact-Global')]",
            "apiVersion": "2016-10-01",
            "location": "[resourceGroup().location]",
            "dependsOn": [
                "[resourceId('Microsoft.KeyVault/vaults', parameters('sidi_keyvault_name'))]"
            ],
            "properties": {
                "value": "[parameters('oAuthBearerTokenCredential_Proact_Global')]"
            }
        },
        {
            "type": "Microsoft.KeyVault/vaults/secrets",
            "name": "[concat(parameters('sidi_keyvault_name'), '/Proact-API-Url-Global')]",
            "apiVersion": "2016-10-01",
            "location": "[resourceGroup().location]",
            "dependsOn": [
                "[resourceId('Microsoft.KeyVault/vaults', parameters('sidi_keyvault_name'))]"
            ],
            "properties": {
                "value": "[parameters('Proact_API_Url_Global')]"
            }
        },
        {
            "type": "Microsoft.KeyVault/vaults/providers/diagnosticSettings",
            "name": "[concat(parameters('sidi_keyvault_name'),'/microsoft.insights/', parameters('sidi_keyvault_diagnostics_name'))]",
            "dependsOn": [
                "[resourceId('Microsoft.KeyVault/vaults', parameters('sidi_keyvault_name'))]",
                "[resourceId('Microsoft.Storage/storageAccounts', parameters('sidi_diagnostics_storage_name'))]"
            ],
            "apiVersion": "2017-05-01-preview",
            "properties": {
                "name": "[parameters('sidi_keyvault_diagnostics_name')]",
                "storageAccountId": "[if(not(parameters('use_logAnalytics')), resourceId('Microsoft.Storage/storageAccounts', parameters('sidi_diagnostics_storage_name')), null())]",
                "workspaceId": "[if(parameters('use_logAnalytics'), resourceId(parameters('group_shared_name'), 'Microsoft.OperationalInsights/workspaces', parameters('logAnalytics_shared_name')), null())]",
                "logs": [
                    {
                        "category": "AuditEvent",
                        "enabled": true,
                        "retentionPolicy": {
                            "enabled": true,
                            "days": 7
                        }
                    }
                ],
                "metrics": [
                    {
                        "category": "AllMetrics",
                        "enabled": true,
                        "retentionPolicy": {
                            "enabled": true,
                            "days": 7
                        }
                    }
                ]
            }
        },
        {
            "type": "Microsoft.Storage/storageAccounts",
            "apiVersion": "2019-06-01",
            "name": "[parameters('sidi_diagnostics_storage_name')]",
            "location": "[resourceGroup().location]",
            "tags": "[variables('combined_tags')]",
            "kind": "Storage",
            "sku": {
                "name": "Standard_LRS"
            },
            "properties": {
                "networkAcls": {
                    "bypass": "Logging, Metrics, AzureServices",
                    "defaultAction": "Deny"
                }
            }
        },
        {
            "type": "Microsoft.Storage/storageAccounts",
            "apiVersion": "2019-06-01",
            "name": "[parameters('sidi_datalakestorage_name')]",
            "location": "[resourceGroup().location]",
            "tags": "[variables('combined_tags')]",
            "dependsOn": [
                "[resourceId('Microsoft.Network/virtualNetworks', parameters('sidi_vnet_name'))]"
            ],
            "sku": {
                "name": "Standard_LRS",
                "tier": "Standard"
            },
            "kind": "StorageV2",
            "properties": {
                "isHnsEnabled": true,
                "networkAcls": {
                    "bypass": "AzureServices",
                    "virtualNetworkRules": [
                        {
                            "id": "[resourceId('Microsoft.Network/virtualNetworks/subnets', parameters('sidi_vnet_name'), variables('sidi_vnet_subnet_default_name'))]",
                            "action": "Allow",
                            "state": "Succeeded"
                        }
                    ],
                    "ipRules": "[parameters('sidi_datalakestorage_allowedIps')]",
                    "defaultAction": "Deny"
                },
                "supportsHttpsTrafficOnly": true,
                "encryption": {
                    "services": {
                        "file": {
                            "keyType": "Account",
                            "enabled": true
                        },
                        "blob": {
                            "keyType": "Account",
                            "enabled": true
                        }
                    },
                    "keySource": "Microsoft.Storage"
                },
                "accessTier": "Hot"
            }
        },
        {
            "type": "Microsoft.Storage/storageAccounts/blobServices",
            "apiVersion": "2019-06-01",
            "name": "[concat(parameters('sidi_datalakestorage_name'), '/default')]",
            "tags": "[variables('combined_tags')]",
            "dependsOn": [
                "[resourceId('Microsoft.Storage/storageAccounts', parameters('sidi_datalakestorage_name'))]"
            ],
            "sku": {
                "name": "Standard_LRS",
                "tier": "Standard"
            },
            "properties": {
                "cors": {
                    "corsRules": []
                },
                "deleteRetentionPolicy": {
                    "enabled": false
                }
            }
        },
        {
            "type": "Microsoft.Storage/storageAccounts/blobServices/containers",
            "apiVersion": "2019-06-01",
            "name": "[concat(parameters('sidi_datalakestorage_name'), '/default/raw')]",
            "tags": "[variables('combined_tags')]",
            "dependsOn": [
                "[resourceId('Microsoft.Storage/storageAccounts/blobServices', parameters('sidi_datalakestorage_name'), 'default')]",
                "[resourceId('Microsoft.Storage/storageAccounts', parameters('sidi_datalakestorage_name'))]"
            ],
            "properties": {
                "publicAccess": "None"
            }
        },
        {
            "type": "Microsoft.Storage/storageAccounts/providers/roleAssignments",
            "apiVersion": "2018-09-01-preview",
            "name": "[concat(parameters('sidi_datalakestorage_name'), '/Microsoft.Authorization/', guid(parameters('sidi_datalakestorage_name')))]",
            "dependsOn": [
                "[resourceId('Microsoft.Storage/storageAccounts', parameters('sidi_datalakestorage_name'))]",
                "[resourceId('Microsoft.DataFactory/factories', parameters('sidi_datafactory_name'))]"
            ],
            "properties": {
                "roleDefinitionId": "[concat('/subscriptions/', subscription().subscriptionId, '/providers/Microsoft.Authorization/roleDefinitions/', 'ba92f5b4-2d11-453d-a403-e96b0029c9fe')]",
                "principalId": "[reference(resourceId('Microsoft.DataFactory/factories', parameters('sidi_datafactory_name')), '2018-06-01', 'Full').identity.principalId]",
                "principalType": "ServicePrincipal"
            }
        },
        {
            "type": "Microsoft.Sql/servers",
            "apiVersion": "2021-05-01-preview",
            "name": "[parameters('sidi_sqlserver_name')]",
            "location": "[resourceGroup().location]",
            "tags": "[variables('combined_tags')]",
            "identity": {
                "type": "SystemAssigned"
            },
            "properties": {
                "administratorLogin": "[parameters('sidi_sqlserver_admin_name')]",
                "administratorLoginPassword": "[parameters('sidi_sqlserver_admin_password')]",
                "minimalTlsVersion": "1.2"
            }
        },
        {
            "type": "Microsoft.Sql/servers/administrators",
            "apiVersion": "2014-04-01",
            "name": "[concat(parameters('sidi_sqlserver_name'), '/activeDirectory')]",
            "properties": {
                "administratorType": "ActiveDirectory",
                "login": "[parameters('sidi_sqlserver_ad_admin_login')]",
                "sid": "[parameters('sidi_sqlserver_ad_admin_object_id')]",
                "tenantId": "[subscription().tenantId]"
            },
            "dependsOn": [
                "[resourceId('Microsoft.Sql/servers', parameters('sidi_sqlserver_name'))]",
                "[resourceId('Microsoft.Sql/servers/elasticPools', parameters('sidi_sqlserver_name'), parameters('sidi_sqlserver_pool_name'))]"
            ]
        },
        {
            "type": "Microsoft.Sql/servers/securityAlertPolicies",
            "apiVersion": "2020-02-02-preview",
            "name": "[concat(parameters('sidi_sqlserver_name'), '/Default')]",
            "dependsOn": [
                "[resourceId('Microsoft.Sql/servers', parameters('sidi_sqlserver_name'))]"
            ],
            "properties": {
                "state": "Enabled",
                "emailAccountAdmins": true
            }
        },
                {
            "type": "Microsoft.Sql/servers/vulnerabilityAssessments",
            "apiVersion": "2020-02-02-preview",
            "name": "[concat(parameters('sidi_sqlserver_name'), '/Default')]",
            "dependsOn": [
                "[resourceId('Microsoft.Sql/servers', parameters('sidi_sqlserver_name'))]",
                "[resourceId('Microsoft.Sql/servers/securityAlertPolicies', parameters('sidi_sqlserver_name'), 'Default')]",
                "[resourceId('Microsoft.Storage/storageAccounts', parameters('sidi_diagnostics_storage_name'))]",
                "[extensionResourceId(resourceId('Microsoft.Storage/storageAccounts', parameters('sidi_diagnostics_storage_name')), 'Microsoft.Authorization/roleAssignments/', guid(concat(parameters('sidi_diagnostics_storage_name'), variables('role_blobContributor_id'), parameters('sidi_sqlserver_name'))))]"
            ],
            "properties": {
                "storageContainerPath": "[concat(reference(resourceId('Microsoft.Storage/storageAccounts', parameters('sidi_diagnostics_storage_name'))).primaryEndpoints.blob, 'vulnerability-assessment')]",
                "recurringScans": {
                    "isEnabled": true,
                    "emailSubscriptionAdmins": true
                }
            }
        },
        {
            "type": "Microsoft.Sql/servers/auditingSettings",
            "apiVersion": "2020-11-01-preview",
            "name": "[concat(parameters('sidi_sqlserver_name'), '/Default')]",
            "dependsOn": [
                "[resourceId('Microsoft.Sql/servers', parameters('sidi_sqlserver_name'))]",
                "[resourceId('Microsoft.Storage/storageAccounts', parameters('sidi_diagnostics_storage_name'))]",
                "[extensionResourceId(resourceId('Microsoft.Storage/storageAccounts', parameters('sidi_diagnostics_storage_name')), 'Microsoft.Authorization/roleAssignments/', guid(concat(parameters('sidi_diagnostics_storage_name'), variables('role_blobContributor_id'), parameters('sidi_sqlserver_name'))))]"
            ],
            "properties": {
                "state": "Enabled",
                "storageEndpoint": "[reference(resourceId('Microsoft.Storage/storageAccounts', parameters('sidi_diagnostics_storage_name'))).primaryEndpoints.blob]"
            }
        },
        {
            "type": "Microsoft.Storage/storageAccounts/providers/roleAssignments",
            "apiVersion": "2018-09-01-preview",
            "name": "[concat(parameters('sidi_diagnostics_storage_name'), '/Microsoft.Authorization/', guid(concat(parameters('sidi_diagnostics_storage_name'), variables('role_blobContributor_id'), parameters('sidi_sqlserver_name'))))]",
            "dependsOn": [
                "[resourceId('Microsoft.Sql/servers', parameters('sidi_sqlserver_name'))]",
                "[resourceId('Microsoft.Storage/storageAccounts', parameters('sidi_diagnostics_storage_name'))]"
            ],
            "properties": {
                "roleDefinitionId": "[concat('/subscriptions/', subscription().subscriptionId, '/providers/Microsoft.Authorization/roleDefinitions/', variables('role_blobContributor_id'))]",
                "principalId": "[reference(resourceId('Microsoft.Sql/servers', parameters('sidi_sqlserver_name')), '2020-02-02-preview', 'Full').identity.principalId]",
                "principalType": "ServicePrincipal"
            }
        },
        {
            "type": "Microsoft.Sql/servers/firewallRules",
            "apiVersion": "2015-05-01-preview",
            "name": "[concat(parameters('sidi_sqlserver_name'), '/AllowAllWindowsAzureIps')]",
            "dependsOn": [
                "[resourceId('Microsoft.Sql/servers', parameters('sidi_sqlserver_name'))]",
                "[resourceId('Microsoft.Sql/servers/elasticPools', parameters('sidi_sqlserver_name'), parameters('sidi_sqlserver_pool_name'))]"
            ],
            "properties": {
                "startIpAddress": "0.0.0.0",
                "endIpAddress": "0.0.0.0"
            }
        },
        {
            "type": "Microsoft.Sql/servers/virtualNetworkRules",
            "apiVersion": "2015-05-01-preview",
            "name": "[concat(parameters('sidi_sqlserver_name'), '/defaultSubnetRule')]",
            "tags": "[variables('combined_tags')]",
            "dependsOn": [
                "[resourceId('Microsoft.Sql/servers', parameters('sidi_sqlserver_name'))]",
                "[resourceId('Microsoft.Sql/servers/elasticPools', parameters('sidi_sqlserver_name'), parameters('sidi_sqlserver_pool_name'))]",
                "[resourceId('Microsoft.Network/virtualNetworks', parameters('sidi_vnet_name'))]"
            ],
            "properties": {
                "virtualNetworkSubnetId": "[resourceId('Microsoft.Network/virtualNetworks/subnets', parameters('sidi_vnet_name'), variables('sidi_vnet_subnet_default_name'))]",
                "ignoreMissingVnetServiceEndpoint": false
            }
        },
        {
            "type": "Microsoft.Sql/servers/firewallRules",
            "apiVersion": "2015-05-01-preview",
            "name": "[concat(parameters('sidi_sqlserver_name'), '/', parameters('sidi_sqlserver_ipRanges')[copyIndex()].rulePrefix, copyIndex(1))]",
            "tags": "[variables('combined_tags')]",
            "dependsOn": [
                "[resourceId('Microsoft.Sql/servers', parameters('sidi_sqlserver_name'))]",
                "[resourceId('Microsoft.Sql/servers/elasticPools', parameters('sidi_sqlserver_name'), parameters('sidi_sqlserver_pool_name'))]"
            ],
            "properties": {
                "startIpAddress": "[parameters('sidi_sqlserver_ipRanges')[copyIndex()].startIpAddress]",
                "endIpAddress": "[parameters('sidi_sqlserver_ipRanges')[copyIndex()].endIpAddress]"
            },
            "copy": {
                "name": "sqlserver_rules",
                "count": "[length(parameters('sidi_sqlserver_ipRanges'))]"
            }
        },
        {
            "type": "Microsoft.Resources/deployments",
            "name": "functionAppSqlRulesDeployment",
            "apiVersion": "2019-10-01",
            "resourceGroup": "[resourceGroup().name]",
            "dependsOn": [
                "[resourceId('Microsoft.Sql/servers', parameters('sidi_sqlserver_name'))]",
                "[resourceId('Microsoft.Sql/servers/elasticPools', parameters('sidi_sqlserver_name'), parameters('sidi_sqlserver_pool_name'))]",
                "[resourceId('Microsoft.Web/sites', parameters('sites_api_name'))]"
            ],
            "properties": {
                "mode": "Incremental",
                "expressionEvaluationOptions": {
                    "scope": "inner"
                },
                "parameters": {
                    "functionAppIps": {
                        "value": "[split(reference(resourceId('Microsoft.Web/sites', parameters('sites_api_name')), '2018-02-01').possibleOutboundIpAddresses, ',')]"
                    },
                    "sidi_sqlserver_name": {
                        "value": "[parameters('sidi_sqlserver_name')]"
                    }
                },
                "template": {
                    "$schema": "https://schema.management.azure.com/schemas/2019-04-01/deploymentTemplate.json#",
                    "contentVersion": "1.0.0.0",
                    "parameters": {
                        "functionAppIps": {
                            "type": "array"
                        },
                        "sidi_sqlserver_name": {
                            "type": "string"
                        }
                    },
                    "resources": [
                        {
                            "type": "Microsoft.Sql/servers/firewallRules",
                            "apiVersion": "2015-05-01-preview",
                            "name": "[concat(parameters('sidi_sqlserver_name'), '/functionApp', copyIndex(1))]",
                            "properties": {
                                "startIpAddress": "[parameters('functionAppIps')[copyIndex()]]",
                                "endIpAddress": "[parameters('functionAppIps')[copyIndex()]]"
                            },
                            "copy": {
                                "name": "functionApp_rules",
                                "count": "[length(parameters('functionAppIps'))]"
                            }
                        }
                    ]
                }
            }
        },
        {
            "type": "Microsoft.Sql/servers/elasticPools",
            "apiVersion": "2020-11-01-preview",
            "name": "[concat(parameters('sidi_sqlserver_name'), '/', parameters('sidi_sqlserver_pool_name'))]",
            "location": "[resourceGroup().location]",
            "dependsOn": [
                "[resourceId('Microsoft.Sql/servers', parameters('sidi_sqlserver_name'))]"
            ],
            "sku": {
                "name": "GP_Gen5",
                "tier": "GeneralPurpose",
                "capacity": "[parameters('sidi_sqlserver_pool_capacity')]"
            },
            "properties": {
                "maxSizeBytes": "[parameters('sidi_sqlserver_pool_maxSizeBytes')]",
                "perDatabaseSettings": {
                    "minCapacity": "[parameters('sidi_sqlserver_pool_minCapacity')]",
                    "maxCapacity": "[parameters('sidi_sqlserver_pool_maxCapacity')]"
                }
            }
        },
        {
            "type": "Microsoft.Sql/servers/databases",
            "apiVersion": "2021-05-01-preview",
            "name": "[concat(parameters('sidi_sqlserver_name'), '/', parameters('sidi_sqlserver_db_mdm_name'))]",
            "location": "[resourceGroup().location]",
            "tags": "[variables('combined_tags')]",
            "dependsOn": [
                "[resourceId('Microsoft.Sql/servers', parameters('sidi_sqlserver_name'))]",
                "[resourceId('Microsoft.Sql/servers/elasticPools', parameters('sidi_sqlserver_name'), parameters('sidi_sqlserver_pool_name'))]"
            ],
            "sku": {
                "name": "ElasticPool",
                "tier": "GeneralPurpose"
            },
            "properties": {
                "maxSizeBytes": "[parameters('sidi_sqlserver_pool_maxSizeBytes')]",
                "elasticPoolId": "[resourceId('Microsoft.Sql/servers/elasticPools', parameters('sidi_sqlserver_name'), parameters('sidi_sqlserver_pool_name'))]"
            }
        },
        {
            "type": "Microsoft.Sql/servers/databases/backupLongTermRetentionPolicies",
            "name": "[concat(parameters('sidi_sqlserver_name'), '/', parameters('sidi_sqlserver_db_mdm_name'),'/Default')]",
            "apiVersion": "2017-03-01-preview",
            "dependsOn": [
                "[resourceId('Microsoft.Sql/servers/databases', parameters('sidi_sqlserver_name'), parameters('sidi_sqlserver_db_mdm_name'))]"
            ],
            "properties": {
                "weeklyRetention": "P1W",
                "monthlyRetention": "P2M",
                "yearlyRetention": "P1Y",
                "weekOfYear": 1
            }
        },
        {
            "type": "Microsoft.Sql/servers/databases/providers/diagnosticSettings",
            "name": "[concat(parameters('sidi_sqlserver_name'), '/', parameters('sidi_sqlserver_db_mdm_name'),'/microsoft.insights/', parameters('sidi_sqlserver_db_mdm_diagnostics_name'))]",
            "dependsOn": [
                "[resourceId('Microsoft.Sql/servers/databases', parameters('sidi_sqlserver_name'), parameters('sidi_sqlserver_db_mdm_name'))]",
                "[resourceId('Microsoft.Storage/storageAccounts', parameters('sidi_diagnostics_storage_name'))]"
            ],
            "apiVersion": "2017-05-01-preview",
            "properties": {
                "name": "[parameters('sidi_sqlserver_db_mdm_diagnostics_name')]",
                "storageAccountId": "[if(not(parameters('use_logAnalytics')), resourceId('Microsoft.Storage/storageAccounts', parameters('sidi_diagnostics_storage_name')), null())]",
                "workspaceId": "[if(parameters('use_logAnalytics'), resourceId(parameters('group_shared_name'), 'Microsoft.OperationalInsights/workspaces', parameters('logAnalytics_shared_name')), null())]",
                "logs": [
                    {
                        "category": "SQLInsights",
                        "enabled": true,
                        "retentionPolicy": {
                            "enabled": true,
                            "days": 7
                        }
                    },
                    {
                        "category": "Errors",
                        "enabled": true,
                        "retentionPolicy": {
                            "enabled": true,
                            "days": 7
                        }
                    },
                    {
                        "category": "DatabaseWaitStatistics",
                        "enabled": true,
                        "retentionPolicy": {
                            "enabled": true,
                            "days": 7
                        }
                    },
                    {
                        "category": "Timeouts",
                        "enabled": true,
                        "retentionPolicy": {
                            "enabled": true,
                            "days": 7
                        }
                    },
                    {
                        "category": "Blocks",
                        "enabled": true,
                        "retentionPolicy": {
                            "enabled": true,
                            "days": 7
                        }
                    },
                    {
                        "category": "Deadlocks",
                        "enabled": true,
                        "retentionPolicy": {
                            "enabled": true,
                            "days": 7
                        }
                    }
                ],
                "metrics": [
                    {
                        "category": "Basic",
                        "enabled": true,
                        "retentionPolicy": {
                            "enabled": true,
                            "days": 7
                        }
                    }
                ]
            }
        },
        {
            "type": "Microsoft.Sql/servers/databases/transparentDataEncryption",
            "apiVersion": "2014-04-01",
            "name": "[concat(parameters('sidi_sqlserver_name'), '/', parameters('sidi_sqlserver_db_mdm_name'), '/current')]",
            "location": "[resourceGroup().location]",
            "tags": "[variables('combined_tags')]",
            "dependsOn": [
                "[resourceId('Microsoft.Sql/servers/databases', parameters('sidi_sqlserver_name'), parameters('sidi_sqlserver_db_mdm_name'))]"
            ],
            "properties": {
                "status": "Enabled"
            }
        },
        {
            "type": "Microsoft.Sql/servers/databases",
            "apiVersion": "2021-05-01-preview",
            "name": "[concat(parameters('sidi_sqlserver_name'), '/', parameters('sidi_sqlserver_db_reporting_name'))]",
            "location": "[resourceGroup().location]",
            "tags": "[variables('combined_tags')]",
            "dependsOn": [
                "[resourceId('Microsoft.Sql/servers', parameters('sidi_sqlserver_name'))]",
                "[resourceId('Microsoft.Sql/servers/elasticPools', parameters('sidi_sqlserver_name'), parameters('sidi_sqlserver_pool_name'))]"
            ],
            "sku": {
                "name": "ElasticPool",
                "tier": "GeneralPurpose"
            },
            "properties": {
                "maxSizeBytes": "[parameters('sidi_sqlserver_pool_maxSizeBytes')]",
                "elasticPoolId": "[resourceId('Microsoft.Sql/servers/elasticPools', parameters('sidi_sqlserver_name'), parameters('sidi_sqlserver_pool_name'))]"
            }
        },
        {
            "type": "Microsoft.Sql/servers/databases/backupLongTermRetentionPolicies",
            "name": "[concat(parameters('sidi_sqlserver_name'), '/', parameters('sidi_sqlserver_db_reporting_name'),'/Default')]",
            "apiVersion": "2017-03-01-preview",
            "dependsOn": [
                "[resourceId('Microsoft.Sql/servers/databases', parameters('sidi_sqlserver_name'), parameters('sidi_sqlserver_db_reporting_name'))]"
            ],
            "properties": {
                "weeklyRetention": "P1W",
                "monthlyRetention": "P2M",
                "yearlyRetention": "P1Y",
                "weekOfYear": 1
            }
        },
        {
            "type": "Microsoft.Sql/servers/databases/providers/diagnosticSettings",
            "name": "[concat(parameters('sidi_sqlserver_name'), '/', parameters('sidi_sqlserver_db_reporting_name'),'/microsoft.insights/', parameters('sidi_sqlserver_db_reporting_diagnostics_name'))]",
            "dependsOn": [
                "[resourceId('Microsoft.Sql/servers/databases', parameters('sidi_sqlserver_name'), parameters('sidi_sqlserver_db_reporting_name'))]",
                "[resourceId('Microsoft.Storage/storageAccounts', parameters('sidi_diagnostics_storage_name'))]"
            ],
            "apiVersion": "2017-05-01-preview",
            "properties": {
                "name": "[parameters('sidi_sqlserver_db_reporting_diagnostics_name')]",
                "storageAccountId": "[if(not(parameters('use_logAnalytics')), resourceId('Microsoft.Storage/storageAccounts', parameters('sidi_diagnostics_storage_name')), null())]",
                "workspaceId": "[if(parameters('use_logAnalytics'), resourceId(parameters('group_shared_name'), 'Microsoft.OperationalInsights/workspaces', parameters('logAnalytics_shared_name')), null())]",
                "logs": [
                    {
                        "category": "SQLInsights",
                        "enabled": true,
                        "retentionPolicy": {
                            "enabled": true,
                            "days": 7
                        }
                    },
                    {
                        "category": "Errors",
                        "enabled": true,
                        "retentionPolicy": {
                            "enabled": true,
                            "days": 7
                        }
                    },
                    {
                        "category": "DatabaseWaitStatistics",
                        "enabled": true,
                        "retentionPolicy": {
                            "enabled": true,
                            "days": 7
                        }
                    },
                    {
                        "category": "Timeouts",
                        "enabled": true,
                        "retentionPolicy": {
                            "enabled": true,
                            "days": 7
                        }
                    },
                    {
                        "category": "Blocks",
                        "enabled": true,
                        "retentionPolicy": {
                            "enabled": true,
                            "days": 7
                        }
                    },
                    {
                        "category": "Deadlocks",
                        "enabled": true,
                        "retentionPolicy": {
                            "enabled": true,
                            "days": 7
                        }
                    }
                ],
                "metrics": [
                    {
                        "category": "Basic",
                        "enabled": true,
                        "retentionPolicy": {
                            "enabled": true,
                            "days": 7
                        }
                    }
                ]
            }
        },
        {
            "type": "Microsoft.Sql/servers/databases/transparentDataEncryption",
            "apiVersion": "2014-04-01",
            "name": "[concat(parameters('sidi_sqlserver_name'), '/', parameters('sidi_sqlserver_db_reporting_name'), '/current')]",
            "location": "[resourceGroup().location]",
            "tags": "[variables('combined_tags')]",
            "dependsOn": [
                "[resourceId('Microsoft.Sql/servers/databases', parameters('sidi_sqlserver_name'), parameters('sidi_sqlserver_db_reporting_name'))]"
            ],
            "properties": {
                "status": "Enabled"
            }
        },
        {
            "type": "Microsoft.Sql/servers/databases",
            "apiVersion": "2021-05-01-preview",
            "name": "[concat(parameters('sidi_sqlserver_name'), '/', parameters('sidi_sqlserver_db_master_name'))]",
            "location": "[resourceGroup().location]",
            "tags": "[variables('combined_tags')]",
            "dependsOn": [
                "[resourceId('Microsoft.Sql/servers', parameters('sidi_sqlserver_name'))]",
                "[resourceId('Microsoft.Sql/servers/elasticPools', parameters('sidi_sqlserver_name'), parameters('sidi_sqlserver_pool_name'))]"
            ],
            "sku": {
                "name": "ElasticPool",
                "tier": "GeneralPurpose"
            },
            "properties": {
                "maxSizeBytes": "[parameters('sidi_sqlserver_pool_maxSizeBytes')]",
                "elasticPoolId": "[resourceId('Microsoft.Sql/servers/elasticPools', parameters('sidi_sqlserver_name'), parameters('sidi_sqlserver_pool_name'))]"
            }
        },
        {
            "type": "Microsoft.Sql/servers/databases/backupLongTermRetentionPolicies",
            "name": "[concat(parameters('sidi_sqlserver_name'), '/', parameters('sidi_sqlserver_db_master_name'),'/Default')]",
            "apiVersion": "2017-03-01-preview",
            "dependsOn": [
                "[resourceId('Microsoft.Sql/servers/databases', parameters('sidi_sqlserver_name'), parameters('sidi_sqlserver_db_master_name'))]"
            ],
            "properties": {
                "weeklyRetention": "P1W",
                "monthlyRetention": "P2M",
                "yearlyRetention": "P1Y",
                "weekOfYear": 1
            }
        },
        {
            "type": "Microsoft.Sql/servers/databases/providers/diagnosticSettings",
            "name": "[concat(parameters('sidi_sqlserver_name'), '/', parameters('sidi_sqlserver_db_master_name'),'/microsoft.insights/', parameters('sidi_sqlserver_db_master_diagnostics_name'))]",
            "dependsOn": [
                "[resourceId('Microsoft.Sql/servers/databases', parameters('sidi_sqlserver_name'), parameters('sidi_sqlserver_db_master_name'))]",
                "[resourceId('Microsoft.Storage/storageAccounts', parameters('sidi_diagnostics_storage_name'))]"
            ],
            "apiVersion": "2017-05-01-preview",
            "properties": {
                "name": "[parameters('sidi_sqlserver_db_master_diagnostics_name')]",
                "storageAccountId": "[if(not(parameters('use_logAnalytics')), resourceId('Microsoft.Storage/storageAccounts', parameters('sidi_diagnostics_storage_name')), null())]",
                "workspaceId": "[if(parameters('use_logAnalytics'), resourceId(parameters('group_shared_name'), 'Microsoft.OperationalInsights/workspaces', parameters('logAnalytics_shared_name')), null())]",
                "logs": [
                    {
                        "category": "SQLInsights",
                        "enabled": true,
                        "retentionPolicy": {
                            "enabled": true,
                            "days": 7
                        }
                    },
                    {
                        "category": "Errors",
                        "enabled": true,
                        "retentionPolicy": {
                            "enabled": true,
                            "days": 7
                        }
                    },
                    {
                        "category": "DatabaseWaitStatistics",
                        "enabled": true,
                        "retentionPolicy": {
                            "enabled": true,
                            "days": 7
                        }
                    },
                    {
                        "category": "Timeouts",
                        "enabled": true,
                        "retentionPolicy": {
                            "enabled": true,
                            "days": 7
                        }
                    },
                    {
                        "category": "Blocks",
                        "enabled": true,
                        "retentionPolicy": {
                            "enabled": true,
                            "days": 7
                        }
                    },
                    {
                        "category": "Deadlocks",
                        "enabled": true,
                        "retentionPolicy": {
                            "enabled": true,
                            "days": 7
                        }
                    }
                ],
                "metrics": [
                    {
                        "category": "Basic",
                        "enabled": true,
                        "retentionPolicy": {
                            "enabled": true,
                            "days": 7
                        }
                    }
                ]
            }
        },
        {
            "type": "Microsoft.Sql/servers/databases/transparentDataEncryption",
            "apiVersion": "2014-04-01",
            "name": "[concat(parameters('sidi_sqlserver_name'), '/', parameters('sidi_sqlserver_db_master_name'), '/current')]",
            "location": "[resourceGroup().location]",
            "tags": "[variables('combined_tags')]",
            "dependsOn": [
                "[resourceId('Microsoft.Sql/servers/databases', parameters('sidi_sqlserver_name'), parameters('sidi_sqlserver_db_master_name'))]"
            ],
            "properties": {
                "status": "Enabled"
            }
        },
        {
            "type": "Microsoft.ServiceBus/namespaces",
            "apiVersion": "2018-01-01-preview",
            "name": "[parameters('sidi_servicebus_name')]",
            "location": "[resourceGroup().location]",
            "tags": "[variables('combined_tags')]",
            "sku": {
                "name": "Standard",
                "tier": "Standard"
            },
            "properties": {
                "zoneRedundant": false
            }
        },
        {
            "type": "Microsoft.ServiceBus/namespaces/AuthorizationRules",
            "apiVersion": "2017-04-01",
            "name": "[concat(parameters('sidi_servicebus_name'), '/RootManageSharedAccessKey')]",
            "location": "[resourceGroup().location]",
            "dependsOn": [
                "[resourceId('Microsoft.ServiceBus/namespaces', parameters('sidi_servicebus_name'))]"
            ],
            "properties": {
                "rights": [
                    "Listen",
                    "Manage",
                    "Send"
                ]
            }
        },
        {
            "type": "Microsoft.ServiceBus/namespaces/queues",
            "apiVersion": "2017-04-01",
            "name": "[concat(parameters('sidi_servicebus_name'), '/abi-log-handler')]",
            "location": "[resourceGroup().location]",
            "dependsOn": [
                "[resourceId('Microsoft.ServiceBus/namespaces', parameters('sidi_servicebus_name'))]"
            ],
            "properties": {
                "lockDuration": "PT30S",
                "maxSizeInMegabytes": 1024,
                "requiresDuplicateDetection": true,
                "requiresSession": true,
                "defaultMessageTimeToLive": "PT7H",
                "duplicateDetectionHistoryTimeWindow": "PT30S"
            }
        },
        {
            "type": "Microsoft.ServiceBus/namespaces/queues",
            "apiVersion": "2017-04-01",
            "name": "[concat(parameters('sidi_servicebus_name'), '/abi-message-handler')]",
            "location": "[resourceGroup().location]",
            "dependsOn": [
                "[resourceId('Microsoft.ServiceBus/namespaces', parameters('sidi_servicebus_name'))]"
            ],
            "properties": {
                "lockDuration": "PT30S",
                "maxSizeInMegabytes": 1024,
                "requiresDuplicateDetection": true,
                "requiresSession": true,
                "defaultMessageTimeToLive": "PT7H",
                "duplicateDetectionHistoryTimeWindow": "PT30S"
            }
        },
        {
            "type": "Microsoft.ServiceBus/namespaces/providers/diagnosticSettings",
            "name": "[concat(parameters('sidi_servicebus_name'),'/microsoft.insights/', parameters('sidi_servicebus_diagnostics_name'))]",
            "dependsOn": [
                "[resourceId('Microsoft.ServiceBus/namespaces', parameters('sidi_servicebus_name'))]",
                "[resourceId('Microsoft.Storage/storageAccounts', parameters('sidi_diagnostics_storage_name'))]"
            ],
            "apiVersion": "2017-05-01-preview",
            "properties": {
                "name": "[parameters('sidi_servicebus_diagnostics_name')]",
                "storageAccountId": "[if(not(parameters('use_logAnalytics')), resourceId('Microsoft.Storage/storageAccounts', parameters('sidi_diagnostics_storage_name')), null())]",
                "workspaceId": "[if(parameters('use_logAnalytics'), resourceId(parameters('group_shared_name'), 'Microsoft.OperationalInsights/workspaces', parameters('logAnalytics_shared_name')), null())]",
                "logs": [
                    {
                        "category": "OperationalLogs",
                        "enabled": true,
                        "retentionPolicy": {
                            "enabled": true,
                            "days": 7
                        }
                    },
                    {
                        "category": "VNetAndIPFilteringLogs",
                        "enabled": true,
                        "retentionPolicy": {
                            "enabled": true,
                            "days": 7
                        }
                    }
                ],
                "metrics": [
                    {
                        "category": "AllMetrics",
                        "enabled": true,
                        "retentionPolicy": {
                            "enabled": true,
                            "days": 7
                        }
                    }
                ]
            }
        },
        {
            "type": "Microsoft.Insights/components",
            "apiVersion": "2015-05-01",
            "name": "[parameters('components_insights_name')]",
            "location": "[resourceGroup().location]",
            "tags": "[variables('combined_tags')]",
            "kind": "web",
            "properties": {
                "Application_Type": "web"
            }
        },
        {
            "type": "Microsoft.Storage/storageAccounts",
            "apiVersion": "2019-06-01",
            "name": "[parameters('storageAccounts_functstore_name')]",
            "location": "[resourceGroup().location]",
            "tags": "[variables('combined_tags')]",
            "sku": {
                "name": "Standard_LRS"
            },
            "kind": "StorageV2",
            "properties": {}
        },
        {
            "type": "Microsoft.Web/serverfarms",
            "apiVersion": "2018-02-01",
            "name": "[parameters('appservice_plan_name')]",
            "location": "[resourceGroup().location]",
            "tags": "[variables('combined_tags')]",
            "sku": {
                "name": "S1",
                "tier": "Standard",
                "capacity": 1
            },
            "properties": {}
        },
        {
            "apiVersion": "2015-08-01",
            "type": "Microsoft.Web/sites",
            "name": "[parameters('sites_api_name')]",
            "location": "[resourceGroup().location]",
            "tags": "[variables('combined_tags')]",
            "dependsOn": [
                "[resourceId('Microsoft.Web/serverfarms', parameters('appservice_plan_name'))]"
            ],
            "kind": "functionapp",
            "identity": {
                "type": "SystemAssigned"
            },
            "properties": {
                "serverFarmId": "[resourceId('Microsoft.Web/serverfarms', parameters('appservice_plan_name'))]",
                "httpsOnly": true
            }
        },
        {
            "type": "Microsoft.Web/sites/config",
            "apiVersion": "2018-11-01",
            "name": "[concat(parameters('sites_api_name'), '/appsettings')]",
            "dependsOn": [
                "[resourceId('Microsoft.Web/sites', parameters('sites_api_name'))]",
                "[resourceId('Microsoft.Storage/storageAccounts', parameters('storageAccounts_functstore_name'))]",
                "[resourceId('Microsoft.Insights/components', parameters('components_insights_name'))]"
            ],
            "properties": {
                "AzureWebJobsStorage": "[concat('DefaultEndpointsProtocol=https;AccountName=',parameters('storageAccounts_functstore_name'),';AccountKey=',listkeys(resourceId('Microsoft.Storage/storageAccounts', parameters('storageAccounts_functstore_name')), '2015-05-01-preview').key1,';EndpointSuffix=core.windows.net')]",
                "APPINSIGHTS_INSTRUMENTATIONKEY": "[reference(resourceId('microsoft.insights/components/', parameters('components_insights_name')), '2015-05-01').InstrumentationKey]",
                "SQL_CONNECTION_STRING": "[concat('Server=tcp:', parameters('sidi_sqlserver_name'), '.database.windows.net,1433;Database=', parameters('sidi_sqlserver_db_master_name'), ';')]",
                "FUNCTIONS_EXTENSION_VERSION": "~3",
                "FUNCTIONS_WORKER_RUNTIME": "dotnet",
                "WEBSITE_RUN_FROM_PACKAGE": "1",
                "sqldb_connection": "[concat('@Microsoft.KeyVault(SecretUri=https://', parameters('sidi_keyvault_name'), '/secrets/AzFunction-sqldb-abi-master-connection-string)')]"
            }
        },
        {
            "type": "Microsoft.Web/sites/config",
            "apiVersion": "2018-11-01",
            "name": "[concat(parameters('sites_api_name'), '/web')]",
            "dependsOn": [
                "[resourceId('Microsoft.Web/sites', parameters('sites_api_name'))]"
            ],
            "properties": {
                "minTlsVersion": "1.2",
                "ftpsState": "FtpsOnly"
            }
        }
    ]
}