{
    "$schema": "https://schema.management.azure.com/schemas/2019-04-01/deploymentTemplate.json#",
    "contentVersion": "1.0.0.0",
    "parameters": {
         "sidi_shared_factory_name": {
             "type": "string",
             "metadata": {
                 "description": "The shared datafactory name."
             }
         },
         "sidi_shared_runtime_name": {
             "type": "string",
             "metadata": {
                 "description": "The shared integration runtime name."
             }
         },
         "sidi_environment_factory_subscription_id": {
             "type": "string",
             "metadata": {
                 "description": "The subscription id for the datafactory granted access."
             }
         },
         "sidi_environment_factory_group_name": {
             "type": "string",
             "metadata": {
                 "description": "The resource group name for the datafactory granted access."
             }
         },
         "sidi_environment_factory_name": {
             "type": "string",
             "metadata": {
                 "description": "The name for the datafactory granted access."
             }
         }
    },
    "variables": {
        "contributorRoleId": "b24988ac-6180-42a0-ab88-20f7382dd24c"
    },
    "resources": [
        {
            "type": "Microsoft.DataFactory/factories/integrationruntimes/providers/roleAssignments",
            "apiVersion": "2018-09-01-preview",
            "name": "[concat(parameters('sidi_shared_factory_name'), '/', parameters('sidi_shared_runtime_name'), '/Microsoft.Authorization/', guid(parameters('sidi_environment_factory_name')))]",
            "properties": {
                "roleDefinitionId": "[concat('/subscriptions/', subscription().subscriptionId, '/providers/Microsoft.Authorization/roleDefinitions/', variables('contributorRoleId'))]",
                "principalId": "[reference(resourceId(parameters('sidi_environment_factory_subscription_id'), parameters('sidi_environment_factory_group_name'), 'Microsoft.DataFactory/factories', parameters('sidi_environment_factory_name')), '2018-06-01', 'Full').identity.principalId]",
                "principalType": "ServicePrincipal"
            }
        }
    ]
}