{
  "$schema": "https://schema.management.azure.com/schemas/2019-04-01/deploymentTemplate.json#",
  "contentVersion": "1.0.0.0",
  "parameters": {
    "sidi_vm_name": {
        "type": "String",
        "defaultValue": "myVM",
        "metadata": {
            "description": "The name of the VM"
        }
    },
    "sidi_vnet_name": {
        "type": "String",
        "metadata": {
            "description": "Specify the name of an existing VNet in the same resource group"
        }
    },
    "subnetName": {
        "type": "String",
        "metadata": {
            "description": "Specify the name of the Subnet Name"
        }
    },
    "sidi_vm_admin_username": {
      "type": "string",
      "metadata": {
        "description": "Username for the Virtual Machine."
      }
    },
    "sidi_vm_admin_password": {
      "type": "securestring",
      "metadata": {
        "description": "Password for the Virtual Machine."
      }
    },
    "windowsOSVersion": {
      "type": "string",
      "defaultValue": "2019-Datacenter",
      "allowedValues": [
        "2016-Datacenter",
        "2016-Datacenter-Server-Core",
        "2016-Datacenter-Server-Core-smalldisk",
        "2016-Datacenter-smalldisk",
        "2016-Datacenter-with-Containers",
        "2016-Datacenter-with-RDSH",
        "2016-Datacenter-zhcn",
        "2019-Datacenter",
        "2019-Datacenter-Core",
        "2019-Datacenter-Core-smalldisk",
        "2019-Datacenter-Core-with-Containers",
        "2019-Datacenter-Core-with-Containers-smalldisk",
        "2019-datacenter-gensecond",
        "2019-Datacenter-smalldisk",
        "2019-Datacenter-with-Containers",
        "2019-Datacenter-with-Containers-smalldisk",
        "2019-Datacenter-zhcn",
        "Datacenter-Core-1803-with-Containers-smalldisk",
        "Datacenter-Core-1809-with-Containers-smalldisk",
        "Datacenter-Core-1903-with-Containers-smalldisk"
      ],
      "metadata": {
        "description": "The Windows version for the VM. This will pick a fully patched image of this given Windows version."
      }
    },
    "vmSize": {
      "type": "string",
      "defaultValue": "Standard_B2ms",
      "allowedValues": [
            "Standard_B2ms",
            "Standard_B4ms"
      ],
      "metadata": {
        "description": "Size for the virtual machine."
      }
    },
    "sidi_datafactory_name":{  
        "type":"string"
    },
    "sidi_corestore_name":{  
        "type":"string"
    },
    "sidi_ir_name":{  
        "type":"string"
    },
    "resource_tags": {
        "type": "object"
    },
    "release_version": {
        "type": "string",
        "defaultValue": ""
    }
  },
  "variables": {
    "storageAccountName": "[concat('sididiag', uniquestring(resourceGroup().id))]",
    "imagePublisher": "MicrosoftWindowsServer",
    "imageOffer": "WindowsServer",
    "nicName": "[concat(parameters('sidi_vm_name'), '-nic')]",
    "storageAccountType": "Standard_LRS",
    "publicIPAddressName": "[concat(parameters('sidi_vm_name'), '-publicip')]",
    "publicIPAddressType": "Static",
    "dnsLabelPrefix": "[concat(parameters('sidi_vm_name'), '-', uniqueString(resourceGroup().id))]",
    "subnetRef": "[resourceId('Microsoft.Network/virtualNetworks/subnets', parameters('sidi_vnet_name'), parameters('subnetName'))]",
    "datafactoryIrId": "[resourceId('Microsoft.DataFactory/factories/integrationruntimes', parameters('sidi_datafactory_name'), parameters('sidi_ir_name'))]",
    "scriptUrl": "[concat('https://', parameters('sidi_corestore_name'), '.blob.core.windows.net/artifacts/gatewayInstall.ps1')]",
    "version_object": {
        "version": "[parameters('release_version')]"
    },
    "combined_tags": "[union(parameters('resource_tags'), variables('version_object'))]"
  },
  "resources": [
    {
      "type": "Microsoft.Storage/storageAccounts",
      "apiVersion": "2019-04-01",
      "name": "[variables('storageAccountName')]",
      "location": "[resourceGroup().location]",
      "tags": "[variables('combined_tags')]",
      "kind": "Storage",
      "sku": {
        "name": "[variables('storageAccountType')]"
      }
    },
    {
      "apiVersion": "2019-06-01",
      "type": "Microsoft.Network/publicIPAddresses",
      "name": "[variables('publicIPAddressName')]",
      "location": "[resourceGroup().location]",
      "tags": "[variables('combined_tags')]",
      "properties": {
        "publicIPAllocationMethod": "[variables('publicIPAddressType')]",
        "dnsSettings": {
          "domainNameLabel": "[variables('dnsLabelPrefix')]"
        }
      }
    },
    {
      "apiVersion": "2019-06-01",
      "type": "Microsoft.Network/networkInterfaces",
      "name": "[variables('nicName')]",
      "location": "[resourceGroup().location]",
      "tags": "[variables('combined_tags')]",
      "dependsOn": [
        "[resourceId('Microsoft.Network/publicIPAddresses', variables('publicIPAddressName'))]"
      ],
      "properties": {
        "ipConfigurations": [
          {
            "name": "ipconfig1",
            "properties": {
              "privateIPAllocationMethod": "Dynamic",
              "publicIPAddress": {
                "id": "[resourceId('Microsoft.Network/publicIPAddresses',variables('publicIPAddressName'))]"
              },
              "subnet": {
                "id": "[variables('subnetRef')]"
              }
            }
          }
        ]
      }
    },
    {
      "apiVersion": "2019-07-01",
      "type": "Microsoft.Compute/virtualMachines",
      "name": "[parameters('sidi_vm_name')]",
      "location": "[resourceGroup().location]",
      "tags": "[variables('combined_tags')]",
      "dependsOn": [
        "[resourceId('Microsoft.Storage/storageAccounts', variables('storageAccountName'))]",
        "[resourceId('Microsoft.Network/networkInterfaces', variables('nicName'))]"
      ],
      "properties": {
        "hardwareProfile": {
          "vmSize": "[parameters('vmSize')]"
        },
        "osProfile": {
          "computerName": "[parameters('sidi_vm_name')]",
          "adminUsername": "[parameters('sidi_vm_admin_username')]",
          "adminPassword": "[parameters('sidi_vm_admin_password')]"
        },
        "storageProfile": {
          "imageReference": {
            "publisher": "[variables('imagePublisher')]",
            "offer": "[variables('imageOffer')]",
            "sku": "[parameters('windowsOSVersion')]",
            "version": "latest"
          },
          "osDisk": {
            "createOption": "FromImage"
          }
        },
        "networkProfile": {
          "networkInterfaces": [
            {
              "id": "[resourceId('Microsoft.Network/networkInterfaces',variables('nicName'))]"
            }
          ]
        },
        "diagnosticsProfile": {
          "bootDiagnostics": {
            "enabled": true,
            "storageUri": "[reference(variables('storageAccountName')).primaryEndpoints['blob']]"
          }
        }
      }
    },
    {
      "type": "Microsoft.Compute/virtualMachines/extensions",
      "name": "[concat(parameters('sidi_vm_name'), '/' ,parameters('sidi_vm_name'), 'installGW')]",
      "apiVersion": "2019-07-01",
      "location": "[resourceGroup().location]",
      "dependsOn": [
        "[resourceId('Microsoft.Compute/virtualMachines', parameters('sidi_vm_name'))]"
      ],
      "tags": {
        "vmname": "[parameters('sidi_vm_name')]"
      },
      "properties": {
        "publisher": "Microsoft.Compute",
        "type": "CustomScriptExtension",
        "typeHandlerVersion": "1.7",
        "autoUpgradeMinorVersion": true,
        "settings": {
          "fileUris": [
            "[variables('scriptUrl')]"
          ]
        },
        "protectedSettings": {
          "commandToExecute": "[concat('powershell.exe -ExecutionPolicy Unrestricted -File gatewayInstall.ps1 ', listAuthKeys(variables('datafactoryIrId'), '2017-09-01-preview').authKey1)]",
          "storageAccountName": "[parameters('sidi_corestore_name')]",
          "storageAccountKey": "[listKeys(resourceId('Microsoft.Storage/storageAccounts', parameters('sidi_corestore_name')), '2019-04-01').keys[0].value]"
        }
      }
    }
  ]
}